session_id,headset_id,participant_count,timestamp_sec,frame_rate_fps,network_latency_ms,calibration_error_mm,battery_temp_c,battery_level,scene_state
20251207_213615,H_4193,0,1.01,7.6,0.0,0.00,32.0,67,NotConnected
20251207_213615,H_4193,1,2.02,61.0,47.8,0.00,35.0,67,Host
20251207_213615,H_4193,1,3.03,51.1,85.5,0.00,35.0,67,Host
20251207_213615,H_4193,1,4.05,69.7,160.6,0.00,35.0,67,Host
20251207_213615,H_4193,1,5.06,55.2,60.9,0.00,35.0,67,Host
20251207_213615,H_4193,1,6.06,55.2,49.9,0.00,35.0,67,Host
20251207_213615,H_4193,1,7.07,59.3,58.5,0.00,35.0,67,Host
20251207_213615,H_4193,1,8.08,60.2,50.3,0.00,35.0,67,Host
20251207_213615,H_4193,1,9.08,60.2,78.7,0.00,35.0,67,Host
20251207_213615,H_4193,1,10.10,60.5,59.3,0.00,35.0,67,Host
20251207_213615,H_4193,1,11.10,63.4,48.0,0.00,35.0,67,Host
20251207_213615,H_4193,1,12.11,61.5,66.8,0.00,35.0,67,Host
20251207_213615,H_4193,1,13.12,63.7,66.2,0.00,35.0,67,Host
20251207_213615,H_4193,1,14.14,56.6,53.7,0.00,35.0,67,Host
20251207_213615,H_4193,1,15.15,53.0,54.8,0.00,35.0,67,Host
20251207_213615,H_4193,1,16.17,55.4,54.9,0.00,35.0,67,Host
20251207_213615,H_4193,1,17.18,53.4,47.4,0.00,35.0,67,Host
20251207_213615,H_4193,1,18.20,59.4,50.5,0.00,35.0,67,Host
20251207_213615,H_4193,1,19.20,60.1,49.2,0.00,35.0,67,Host
20251207_213615,H_4193,1,20.20,56.8,49.9,0.00,35.0,67,Host
20251207_213615,H_4193,1,21.22,59.9,49.5,0.00,35.0,67,Host
20251207_213615,H_4193,1,22.23,63.2,58.6,0.00,35.0,67,Host
20251207_213615,H_4193,1,23.24,68.6,63.0,0.00,35.0,67,Host
20251207_213615,H_4193,1,24.24,62.9,66.2,0.00,37.0,67,Host
20251207_213615,H_4193,1,25.25,60.6,51.0,0.00,37.0,67,Host
20251207_213615,H_4193,1,26.26,57.6,53.9,0.00,37.0,67,Host
20251207_213615,H_4193,1,27.27,64.4,47.9,0.00,37.0,67,Host
20251207_213615,H_4193,1,28.28,62.5,46.7,0.00,37.0,67,Host
20251207_213615,H_4193,1,29.30,61.7,55.3,0.00,37.0,67,Host
20251207_213615,H_4193,1,30.31,74.2,57.9,0.00,37.0,67,Host
20251207_213615,H_4193,1,31.31,72.2,41.3,0.00,37.0,67,Host
20251207_213615,H_4193,1,32.31,73.6,55.6,0.00,37.0,67,Host
20251207_213615,H_4193,1,33.32,72.4,55.3,0.00,37.0,67,Host
20251207_213615,H_4193,1,34.33,69.7,54.2,0.00,37.0,67,Host
20251207_213615,H_4193,1,35.34,72.3,54.8,0.00,37.0,67,Host
20251207_213615,H_4193,1,36.35,70.4,69.0,0.00,37.0,67,Host
20251207_213615,H_4193,1,37.36,71.9,54.5,0.00,37.0,67,Host
20251207_213615,H_4193,1,38.36,72.6,56.0,0.00,37.0,67,Host
20251207_213615,H_4193,1,39.37,71.9,138.7,0.00,37.0,67,Host
20251207_213615,H_4193,1,40.37,68.5,55.7,0.00,37.0,67,Host
20251207_213615,H_4193,1,41.38,71.9,55.5,0.00,37.0,67,Host
20251207_213615,H_4193,1,42.38,72.3,41.5,0.00,37.0,67,Host
20251207_213615,H_4193,1,43.38,70.5,41.6,0.00,37.0,67,Host
20251207_213615,H_4193,1,44.38,72.3,55.0,0.00,37.0,67,Host
20251207_213615,H_4193,1,45.38,71.1,69.5,0.00,37.0,67,Host
20251207_213615,H_4193,1,46.40,71.0,55.1,0.00,37.0,66,Host
20251207_213615,H_4193,1,47.41,72.2,41.2,0.00,37.0,66,Host
20251207_213615,H_4193,1,48.41,71.0,41.3,0.00,37.0,66,Host
20251207_213615,H_4193,1,49.41,72.5,41.1,0.00,37.0,66,Host
20251207_213615,H_4193,1,50.43,71.9,41.5,0.00,37.0,66,Host
20251207_213615,H_4193,1,51.44,72.7,55.3,0.00,37.0,66,Host
20251207_213615,H_4193,1,52.45,72.4,41.2,0.00,37.0,66,Host
20251207_213615,H_4193,1,53.45,69.3,41.1,0.00,37.0,66,Host
20251207_213615,H_4193,2,54.45,72.3,41.4,0.00,37.0,66,Host
20251207_213615,H_4193,2,55.47,71.2,55.7,0.00,37.0,66,Host
20251207_213615,H_4193,2,56.48,72.2,55.2,0.00,37.0,66,Host
20251207_213615,H_4193,2,57.49,72.5,110.7,0.00,37.0,66,Host
20251207_213615,H_4193,2,58.49,72.4,166.3,0.00,37.0,66,Host
20251207_213615,H_4193,2,59.50,72.3,54.8,0.00,37.0,66,Host
20251207_213615,H_4193,2,60.51,70.6,41.3,0.00,37.0,66,Host
20251207_213615,H_4193,2,61.51,72.5,41.4,0.00,37.0,66,Host
20251207_213615,H_4193,2,62.51,72.4,41.3,0.00,37.0,66,Host
20251207_213615,H_4193,2,63.52,72.5,41.4,0.00,37.0,66,Host
20251207_213615,H_4193,2,64.54,72.2,109.5,0.00,37.0,66,Host
20251207_213615,H_4193,2,65.55,72.1,151.0,0.00,37.0,66,Host
20251207_213615,H_4193,2,66.55,65.4,51.5,0.00,37.0,66,Host
20251207_213615,H_4193,2,67.56,69.2,56.0,0.00,37.0,66,Host
20251207_213615,H_4193,2,68.56,72.2,54.1,0.00,37.0,66,Host
20251207_213615,H_4193,2,69.57,72.6,41.8,0.00,37.0,66,Host
20251207_213615,H_4193,2,70.58,72.1,111.0,0.00,37.0,66,Host
20251207_213615,H_4193,2,71.59,73.3,51.1,0.00,37.0,66,Host
20251207_213615,H_4193,2,72.60,69.5,96.9,0.00,37.0,66,Host
20251207_213615,H_4193,2,73.61,71.7,125.2,0.00,37.0,66,Host
20251207_213615,H_4193,2,74.61,72.6,69.6,0.00,38.0,66,Host
20251207_213615,H_4193,2,75.62,72.4,126.1,0.00,38.0,66,Host
20251207_213615,H_4193,2,76.62,72.3,55.5,0.00,38.0,66,Host
20251207_213615,H_4193,2,77.62,72.0,153.5,0.00,38.0,66,Host
20251207_213615,H_4193,2,78.63,72.7,153.2,0.00,38.0,66,Host
20251207_213615,H_4193,2,79.64,71.1,55.2,0.00,38.0,66,Host
20251207_213615,H_4193,2,80.65,72.1,110.1,0.00,38.0,66,Host
20251207_213615,H_4193,2,81.66,71.4,94.3,0.00,38.0,66,Host
20251207_213615,H_4193,2,82.66,69.6,111.1,0.00,38.0,66,Host
20251207_213615,H_4193,2,83.66,72.3,81.4,0.00,38.0,66,Host
20251207_213615,H_4193,2,84.66,71.0,112.4,0.00,38.0,66,Host
20251207_213615,H_4193,2,85.66,68.6,71.9,0.00,38.0,66,Host
20251207_213615,H_4193,2,86.67,69.3,85.9,0.00,38.0,66,Host
20251207_213615,H_4193,2,87.69,71.0,54.5,0.00,38.0,66,Host
20251207_213615,H_4193,2,88.69,72.5,42.0,0.00,38.0,66,Host
20251207_213615,H_4193,2,89.69,71.1,140.3,0.00,38.0,66,Host
20251207_213615,H_4193,2,90.70,71.6,41.9,0.00,38.0,66,Host
20251207_213615,H_4193,2,91.70,70.8,42.2,0.00,38.0,66,Host
20251207_213615,H_4193,2,92.70,72.4,55.7,0.00,38.0,66,Host
20251207_213615,H_4193,2,93.71,72.2,69.2,0.00,38.0,66,Host
20251207_213615,H_4193,2,94.72,72.1,41.9,0.00,39.0,66,Host
20251207_213615,H_4193,2,95.73,71.9,68.9,0.00,39.0,66,Host
20251207_213615,H_4193,2,96.75,72.3,55.7,0.00,39.0,66,Host
20251207_213615,H_4193,2,97.76,72.1,83.0,0.00,39.0,66,Host
20251207_213615,H_4193,2,98.77,65.8,97.0,0.00,39.0,66,Host
20251207_213615,H_4193,2,99.77,70.5,127.1,0.00,39.0,66,Host
20251207_213615,H_4193,2,100.78,71.8,238.0,0.00,39.0,66,Host
20251207_213615,H_4193,2,101.78,72.5,82.9,0.00,39.0,66,Host
20251207_213615,H_4193,2,102.78,72.4,55.0,0.00,39.0,66,Host
20251207_213615,H_4193,2,103.79,72.9,68.6,0.00,39.0,66,Host
20251207_213615,H_4193,2,104.80,70.6,55.9,0.00,39.0,66,Host
20251207_213615,H_4193,2,105.80,72.2,138.8,0.00,39.0,66,Host
20251207_213615,H_4193,2,106.80,72.8,41.9,0.00,39.0,66,Host
20251207_213615,H_4193,2,107.80,72.2,68.9,0.00,39.0,66,Host
20251207_213615,H_4193,2,108.81,71.9,111.5,0.00,39.0,66,Host
20251207_213615,H_4193,2,109.83,71.5,83.1,0.00,39.0,66,Host
20251207_213615,H_4193,2,110.84,73.5,55.5,0.00,39.0,66,Host
20251207_213615,H_4193,2,111.84,72.4,55.5,0.00,39.0,66,Host
20251207_213615,H_4193,2,112.84,66.9,68.0,0.00,39.0,66,Host
20251207_213615,H_4193,2,113.84,54.3,65.0,0.00,39.0,66,Host
20251207_213615,H_4193,2,114.85,63.6,83.0,0.00,40.0,65,Host
20251207_213615,H_4193,2,115.87,69.7,40.7,0.00,40.0,65,Host
20251207_213615,H_4193,2,116.87,72.5,83.4,0.00,40.0,65,Host
20251207_213615,H_4193,2,117.87,72.3,69.5,0.00,40.0,65,Host
20251207_213615,H_4193,2,118.89,72.4,153.1,0.00,40.0,65,Host
20251207_213615,H_4193,2,119.90,73.7,110.5,0.00,40.0,65,Host
20251207_213615,H_4193,2,120.91,72.6,42.0,0.00,40.0,65,Host
20251207_213615,H_4193,2,121.91,73.0,41.4,0.00,40.0,65,Host
20251207_213615,H_4193,2,122.91,72.9,41.4,0.00,40.0,65,Host
20251207_213615,H_4193,2,123.91,73.1,124.0,0.00,40.0,65,Host
20251207_213615,H_4193,2,124.93,71.5,111.3,0.00,40.0,65,Host
20251207_213615,H_4193,2,125.94,72.0,83.5,0.00,40.0,65,Host
20251207_213615,H_4193,2,126.94,72.1,55.1,0.00,40.0,65,Host
20251207_213615,H_4193,2,127.95,72.6,55.5,0.00,40.0,65,Host
20251207_213615,H_4193,2,128.96,72.3,41.6,0.00,40.0,65,Host
20251207_213615,H_4193,2,129.97,71.4,125.1,0.00,40.0,65,Host
20251207_213615,H_4193,2,130.97,71.6,55.6,0.00,40.0,65,Host
20251207_213615,H_4193,2,131.97,72.3,180.3,0.00,40.0,65,Host
20251207_213615,H_4193,2,132.97,72.1,55.5,0.00,40.0,65,Host
20251207_213615,H_4193,2,133.98,69.7,82.4,0.00,40.0,65,Host
20251207_213615,H_4193,2,134.98,72.6,41.4,0.00,40.0,65,Host
20251207_213615,H_4193,2,135.98,72.2,96.6,0.00,40.0,65,Host
20251207_213615,H_4193,2,136.98,72.1,69.0,0.00,40.0,65,Host
20251207_213615,H_4193,2,138.00,71.9,96.9,0.00,40.0,65,Host
20251207_213615,H_4193,2,139.01,72.3,41.6,0.00,40.0,65,Host
20251207_213615,H_4193,2,140.01,72.3,41.6,0.00,40.0,65,Host
20251207_213615,H_4193,2,141.01,72.3,97.1,0.00,40.0,65,Host
20251207_213615,H_4193,2,142.03,72.2,41.5,0.00,40.0,65,Host
20251207_213615,H_4193,2,143.04,72.6,41.7,0.00,40.0,65,Host
20251207_213615,H_4193,2,144.05,70.0,56.5,0.00,40.0,65,Host
20251207_213615,H_4193,2,145.05,72.3,41.0,0.00,40.0,65,Host
20251207_213615,H_4193,2,146.07,72.3,151.7,0.00,40.0,65,Host
20251207_213615,H_4193,2,147.07,72.5,41.0,0.00,40.0,65,Host
20251207_213615,H_4193,2,148.08,71.2,69.5,0.00,40.0,65,Host
20251207_213615,H_4193,2,149.08,72.4,83.5,0.00,40.0,65,Host
20251207_213615,H_4193,2,150.08,72.0,125.3,0.00,40.0,65,Host
20251207_213615,H_4193,2,151.10,71.9,68.9,0.00,40.0,65,Host
20251207_213615,H_4193,2,152.11,72.5,55.7,0.00,40.0,65,Host
20251207_213615,H_4193,2,153.12,71.2,125.3,0.00,40.0,65,Host
20251207_213615,H_4193,2,154.14,73.0,55.4,0.00,40.0,65,Host
20251207_213615,H_4193,2,155.15,72.1,41.4,0.00,40.0,65,Host
20251207_213615,H_4193,2,156.16,72.2,41.1,0.00,40.0,65,Host
20251207_213615,H_4193,2,157.16,72.6,69.2,0.00,40.0,65,Host
20251207_213615,H_4193,2,158.18,70.9,96.5,0.00,40.0,65,Host
20251207_213615,H_4193,2,159.19,72.1,41.1,0.00,40.0,65,Host
20251207_213615,H_4193,2,160.21,72.6,41.1,0.00,40.0,65,Host
20251207_213615,H_4193,2,161.22,71.1,41.0,0.00,40.0,65,Host
20251207_213615,H_4193,2,162.22,72.3,69.1,0.00,40.0,65,Host
20251207_213615,H_4193,2,163.22,72.3,41.7,0.00,40.0,65,Host
20251207_213615,H_4193,2,164.23,72.4,69.2,0.00,40.0,65,Host
20251207_213615,H_4193,2,165.23,72.4,41.2,0.00,40.0,65,Host
20251207_213615,H_4193,2,166.24,71.9,26.2,0.00,40.0,65,Host
20251207_213615,H_4193,2,167.25,72.4,111.4,0.00,40.0,65,Host
20251207_213615,H_4193,2,168.25,72.4,96.8,0.00,40.0,65,Host
20251207_213615,H_4193,2,169.26,72.4,125.0,0.00,40.0,65,Host
20251207_213615,H_4193,2,170.26,70.9,55.3,0.00,40.0,65,Host
20251207_213615,H_4193,2,171.28,72.4,55.3,0.00,40.0,65,Host
20251207_213615,H_4193,2,172.28,72.8,70.2,0.00,40.0,65,Host
20251207_213615,H_4193,2,173.29,67.6,63.2,0.00,40.0,65,Host
20251207_213615,H_4193,2,174.30,63.1,204.5,0.00,40.0,65,Host
20251207_213615,H_4193,2,175.32,63.5,47.7,0.00,40.0,65,Host
20251207_213615,H_4193,2,176.33,63.3,51.1,0.00,40.0,65,Host
20251207_213615,H_4193,2,177.34,64.2,97.6,0.00,40.0,65,Host
20251207_213615,H_4193,2,178.34,65.9,54.8,0.00,40.0,65,Host
20251207_213615,H_4193,2,179.34,72.4,42.1,0.00,40.0,65,Host
20251207_213615,H_4193,2,180.35,73.0,97.1,0.00,40.0,65,Host
20251207_213615,H_4193,2,181.36,72.3,41.4,0.00,40.0,65,Host
20251207_213615,H_4193,2,182.36,73.5,41.2,0.00,41.0,64,Host
20251207_213615,H_4193,2,183.36,72.1,55.6,0.00,41.0,64,Host
20251207_213615,H_4193,2,184.36,72.9,140.1,0.00,41.0,64,Host
20251207_213615,H_4193,2,185.37,73.8,83.1,0.00,41.0,64,Host
20251207_213615,H_4193,2,186.38,70.6,152.3,0.00,41.0,64,Host
20251207_213615,H_4193,2,187.38,67.8,55.5,0.00,41.0,64,Host
20251207_213615,H_4193,2,188.39,72.7,110.7,0.00,41.0,64,Host
20251207_213615,H_4193,2,189.40,72.3,41.7,0.00,41.0,64,Host
20251207_213615,H_4193,2,190.40,70.7,98.9,0.00,41.0,64,Host
20251207_213615,H_4193,2,191.41,71.0,92.4,0.00,41.0,64,Host
20251207_213615,H_4193,2,192.41,70.5,154.4,0.00,41.0,64,Host
20251207_213615,H_4193,2,193.41,72.4,55.5,0.00,41.0,64,Host
20251207_213615,H_4193,2,194.42,72.7,42.0,0.00,41.0,64,Host
20251207_213615,H_4193,2,195.42,73.0,41.6,0.00,41.0,64,Host
20251207_213615,H_4193,2,196.42,72.2,54.8,0.00,41.0,64,Host
20251207_213615,H_4193,2,197.43,70.9,55.3,0.00,41.0,64,Host
20251207_213615,H_4193,2,198.44,68.6,54.5,0.00,41.0,64,Host
20251207_213615,H_4193,2,199.44,72.4,138.2,0.00,41.0,64,Host
20251207_213615,H_4193,2,200.45,72.4,124.5,0.00,41.0,64,Host
20251207_213615,H_4193,2,201.46,72.8,135.8,0.00,41.0,64,Host
20251207_213615,H_4193,2,202.47,69.8,48.5,0.00,41.0,64,Host
20251207_213615,H_4193,2,203.48,62.4,48.7,0.00,41.0,64,Host
20251207_213615,H_4193,2,204.48,65.5,57.5,0.00,41.0,64,Host
20251207_213615,H_4193,2,205.48,69.8,85.2,0.00,41.0,64,Host
20251207_213615,H_4193,2,206.49,68.3,208.8,0.00,41.0,64,Host
20251207_213615,H_4193,2,207.51,70.7,55.3,0.00,41.0,64,Host
20251207_213615,H_4193,2,208.51,73.4,69.2,0.00,41.0,64,Host
20251207_213615,H_4193,2,209.52,71.6,111.0,0.00,41.0,64,Host
20251207_213615,H_4193,2,210.52,72.3,41.7,0.00,41.0,64,Host
20251207_213615,H_4193,2,211.52,70.8,111.0,0.00,41.0,64,Host
20251207_213615,H_4193,2,212.52,72.4,152.5,0.00,41.0,64,Host
20251207_213615,H_4193,2,213.54,72.8,152.1,0.00,41.0,64,Host
20251207_213615,H_4193,2,214.54,72.6,69.3,0.00,41.0,64,Host
20251207_213615,H_4193,2,215.55,72.6,55.3,0.00,41.0,64,Host
20251207_213615,H_4193,2,216.57,73.0,69.3,0.00,41.0,64,Host
20251207_213615,H_4193,2,217.58,71.7,55.6,0.00,41.0,64,Host
20251207_213615,H_4193,2,218.58,72.8,96.4,0.00,41.0,64,Host
20251207_213615,H_4193,2,219.59,72.2,162.9,0.00,41.0,64,Host
20251207_213615,H_4193,2,220.59,70.8,83.4,0.00,41.0,64,Host
20251207_213615,H_4193,2,221.60,70.7,147.3,0.00,41.0,64,Host
20251207_213615,H_4193,2,222.60,59.8,61.8,0.00,41.0,64,Host
20251207_213615,H_4193,2,223.62,63.8,79.2,0.00,41.0,64,Host
20251207_213615,H_4193,2,224.64,64.2,62.3,0.00,41.0,64,Host
20251207_213615,H_4193,2,225.65,64.7,63.0,0.00,41.0,64,Host
20251207_213615,H_4193,2,226.66,63.7,65.5,0.00,41.0,64,Host
20251207_213615,H_4193,2,227.67,65.6,44.5,0.00,41.0,64,Host
20251207_213615,H_4193,2,228.67,67.3,75.0,0.00,41.0,64,Host
20251207_213615,H_4193,2,229.69,67.4,106.7,0.00,41.0,64,Host
20251207_213615,H_4193,2,230.69,56.5,103.4,0.00,41.0,64,Host
20251207_213615,H_4193,2,231.70,66.4,80.3,0.00,41.0,64,Host
20251207_213615,H_4193,2,232.71,67.3,74.7,0.00,41.0,64,Host
20251207_213615,H_4193,2,233.73,66.8,93.2,0.00,41.0,64,Host
20251207_213615,H_4193,2,234.73,67.5,88.4,0.00,42.0,64,Host
20251207_213615,H_4193,2,235.73,67.4,123.5,0.00,42.0,64,Host
20251207_213615,H_4193,2,236.73,67.2,75.9,0.00,42.0,64,Host
20251207_213615,H_4193,2,237.76,68.6,76.4,0.00,42.0,64,Host
20251207_213615,H_4193,2,238.76,67.4,59.0,0.00,42.0,64,Host
20251207_213615,H_4193,2,239.77,67.5,78.3,0.00,42.0,64,Host
20251207_213615,H_4193,2,240.77,67.3,44.3,0.00,42.0,64,Host
20251207_213615,H_4193,2,241.78,67.5,76.9,0.00,42.0,64,Host
20251207_213615,H_4193,2,242.78,67.7,47.8,0.00,42.0,64,Host
20251207_213615,H_4193,2,243.79,67.6,62.3,0.00,42.0,64,Host
20251207_213615,H_4193,2,244.80,67.3,107.3,0.00,42.0,64,Host
20251207_213615,H_4193,1,245.81,69.2,42.5,0.00,42.0,64,Host
20251207_213615,H_4193,1,246.82,71.6,56.4,0.00,42.0,64,Host
20251207_213615,H_4193,1,247.82,71.8,55.7,0.00,42.0,64,Host
20251207_213615,H_4193,1,248.84,72.3,84.2,0.00,42.0,64,Host
20251207_213615,H_4193,1,249.84,72.3,71.6,0.00,42.0,64,Host
20251207_213615,H_4193,1,250.84,72.5,41.7,0.00,42.0,64,Host
20251207_213615,H_4193,1,251.84,72.3,41.6,0.00,42.0,64,Host
20251207_213615,H_4193,1,252.84,72.2,69.7,0.00,42.0,64,Host
20251207_213615,H_4193,1,253.86,72.0,55.3,0.00,42.0,64,Host
20251207_213615,H_4193,1,254.87,71.3,41.4,0.00,42.0,64,Host
20251207_213615,H_4193,1,255.87,72.7,41.4,0.00,42.0,64,Host
20251207_213615,H_4193,1,256.87,72.8,69.3,0.00,42.0,64,Host
20251207_213615,H_4193,1,257.88,71.5,55.5,0.00,42.0,64,Host
20251207_213615,H_4193,1,258.88,72.5,54.9,0.00,42.0,64,Host
20251207_213615,H_4193,1,259.88,72.5,83.1,0.00,42.0,64,Host
20251207_213615,H_4193,1,260.90,71.5,41.5,0.00,42.0,64,Host
20251207_213615,H_4193,1,261.91,72.3,68.8,0.00,42.0,64,Host
20251207_213615,H_4193,1,262.93,72.6,41.5,0.00,42.0,64,Host
20251207_213615,H_4193,1,263.93,69.4,41.7,0.00,42.0,64,Host
20251207_213615,H_4193,1,264.94,72.8,54.7,0.00,42.0,64,Host
20251207_213615,H_4193,1,265.94,72.2,68.9,0.00,42.0,64,Host
20251207_213615,H_4193,1,266.94,71.2,68.7,0.00,42.0,64,Host
20251207_213615,H_4193,1,267.94,72.4,41.5,0.00,42.0,64,Host
20251207_213615,H_4193,1,268.95,72.6,69.1,0.00,42.0,64,Host
20251207_213615,H_4193,1,269.95,71.1,68.8,0.00,42.0,64,Host
20251207_213615,H_4193,1,270.95,72.3,41.6,0.00,42.0,64,Host
20251207_213615,H_4193,1,271.97,72.2,41.6,0.00,42.0,64,Host
20251207_213615,H_4193,1,272.98,70.7,69.7,0.00,42.0,63,Host
20251207_213615,H_4193,1,274.00,72.6,55.3,0.00,42.0,63,Host
20251207_213615,H_4193,2,275.00,72.6,41.2,0.00,42.0,63,Host
20251207_213615,H_4193,2,276.00,72.1,54.9,0.00,42.0,63,Host
20251207_213615,H_4193,2,277.01,71.0,55.4,0.00,42.0,63,Host
20251207_213615,H_4193,2,278.02,72.4,67.0,0.00,42.0,63,Host
20251207_213615,H_4193,2,279.04,72.6,55.0,0.00,42.0,63,Host
20251207_213615,H_4193,2,280.04,72.3,54.9,0.00,42.0,63,Host
20251207_213615,H_4193,2,281.04,72.3,55.3,0.00,42.0,63,Host
20251207_213615,H_4193,2,282.04,72.6,55.4,0.00,42.0,63,Host
20251207_213615,H_4193,2,283.05,69.6,83.4,0.00,42.0,63,Host
20251207_213615,H_4193,2,284.05,72.6,41.5,0.00,42.0,63,Host
20251207_213615,H_4193,2,285.07,72.3,55.4,0.00,42.0,63,Host
20251207_213615,H_4193,2,286.07,72.5,55.1,0.00,42.0,63,Host
20251207_213615,H_4193,2,287.08,72.9,138.9,0.00,42.0,63,Host
20251207_213615,H_4193,2,288.08,72.8,55.0,0.00,42.0,63,Host
20251207_213615,H_4193,2,289.08,71.0,97.1,0.00,42.0,63,Host
20251207_213615,H_4193,2,290.09,72.9,55.0,0.00,42.0,63,Host
20251207_213615,H_4193,2,291.09,70.7,55.1,0.00,42.0,63,Host
20251207_213615,H_4193,2,292.09,72.1,41.3,0.00,42.0,63,Host
20251207_213615,H_4193,2,293.11,71.0,110.9,0.00,42.0,63,Host
20251207_213615,H_4193,2,294.12,72.2,124.6,0.00,42.0,63,Host
20251207_213615,H_4193,2,295.14,71.5,69.0,0.00,42.0,63,Host
20251207_213615,H_4193,2,296.15,72.4,152.6,0.00,42.0,63,Host
20251207_213615,H_4193,2,297.15,72.2,69.2,0.00,42.0,63,Host
20251207_213615,H_4193,2,298.16,72.1,55.0,0.00,42.0,63,Host
20251207_213615,H_4193,2,299.16,71.1,69.1,0.00,42.0,63,Host
20251207_213615,H_4193,2,300.16,71.1,54.9,0.00,42.0,63,Host
20251207_213615,H_4193,2,301.18,72.4,152.8,0.00,42.0,63,Host
20251207_213615,H_4193,2,302.19,71.1,41.5,0.00,42.0,63,Host
20251207_213615,H_4193,2,303.19,70.8,55.1,0.00,42.0,63,Host
20251207_213615,H_4193,2,304.19,73.4,55.3,0.00,42.0,63,Host
20251207_213615,H_4193,2,305.20,71.2,83.3,0.00,42.0,63,Host
20251207_213615,H_4193,2,306.20,70.9,41.3,0.00,42.0,63,Host
20251207_213615,H_4193,2,307.22,72.7,41.6,0.00,42.0,63,Host
20251207_213615,H_4193,2,308.23,72.9,69.3,0.00,42.0,63,Host
20251207_213615,H_4193,2,309.23,72.2,55.6,0.00,42.0,63,Host
20251207_213615,H_4193,2,310.23,72.2,97.2,0.00,42.0,63,Host
20251207_213615,H_4193,2,311.25,72.3,55.2,0.00,42.0,63,Host
20251207_213615,H_4193,2,312.25,72.2,55.0,0.00,42.0,63,Host
20251207_213615,H_4193,2,313.25,72.6,138.7,0.00,42.0,63,Host
20251207_213615,H_4193,2,314.26,72.5,41.2,0.00,42.0,63,Host
20251207_213615,H_4193,2,315.26,72.6,69.1,0.00,42.0,63,Host
20251207_213615,H_4193,2,316.27,72.5,110.7,0.00,42.0,63,Host
20251207_213615,H_4193,2,317.28,71.7,56.3,0.00,42.0,63,Host
20251207_213615,H_4193,2,318.28,72.3,83.3,0.00,42.0,63,Host
20251207_213615,H_4193,2,319.30,70.5,52.7,0.00,42.0,63,Host
20251207_213615,H_4193,2,320.30,72.0,95.1,0.00,42.0,63,Host
20251207_213615,H_4193,2,321.30,71.7,41.2,0.00,42.0,63,Host
20251207_213615,H_4193,2,322.32,72.4,69.8,0.00,42.0,63,Host
20251207_213615,H_4193,2,323.32,72.2,55.5,0.00,42.0,63,Host
20251207_213615,H_4193,2,324.33,72.9,41.1,0.00,42.0,63,Host
20251207_213615,H_4193,2,325.34,72.5,55.5,0.00,42.0,63,Host
20251207_213615,H_4193,2,326.35,72.3,69.7,0.00,42.0,63,Host
20251207_213615,H_4193,2,327.36,71.4,222.6,0.00,42.0,63,Host
20251207_213615,H_4193,2,328.36,71.5,111.1,0.00,42.0,63,Host
20251207_213615,H_4193,2,329.36,71.0,41.7,0.00,42.0,63,Host
20251207_213615,H_4193,2,330.37,71.5,139.5,0.00,42.0,63,Host
20251207_213615,H_4193,2,331.38,72.3,97.9,0.00,42.0,63,Host
20251207_213615,H_4193,2,332.39,72.8,111.7,0.00,42.0,63,Host
20251207_213615,H_4193,2,333.39,73.2,56.0,0.00,42.0,63,Host
20251207_213615,H_4193,2,334.40,71.3,41.6,0.00,42.0,63,Host
20251207_213615,H_4193,2,335.40,72.5,42.1,0.00,42.0,63,Host
20251207_213615,H_4193,2,336.42,71.1,56.1,0.00,42.0,63,Host
20251207_213615,H_4193,2,337.42,72.7,111.7,0.00,42.0,63,Host
20251207_213615,H_4193,2,338.43,71.6,55.3,0.00,42.0,63,Host
20251207_213615,H_4193,2,339.43,70.9,55.7,0.00,42.0,63,Host
20251207_213615,H_4193,2,340.44,71.4,125.3,0.00,42.0,63,Host
20251207_213615,H_4193,2,341.44,72.3,55.5,0.00,42.0,63,Host
20251207_213615,H_4193,2,342.46,72.5,55.3,0.00,42.0,63,Host
20251207_213615,H_4193,1,343.46,72.8,70.0,0.00,42.0,63,Host
20251207_213615,H_4193,1,344.46,72.4,83.2,0.00,43.0,63,Host
20251207_213615,H_4193,1,345.47,71.1,41.5,0.00,43.0,63,Host
20251207_213615,H_4193,1,346.47,72.3,55.2,0.00,43.0,63,Host
20251207_213615,H_4193,1,347.47,72.7,41.2,0.00,43.0,63,Host
20251207_213615,H_4193,1,348.47,72.6,54.5,0.00,43.0,63,Host
20251207_213615,H_4193,1,349.47,72.6,54.7,0.00,43.0,63,Host
20251207_213615,H_4193,1,350.48,72.6,96.5,0.00,43.0,63,Host
20251207_213615,H_4193,1,351.50,72.6,41.1,0.00,43.0,63,Host
20251207_213615,H_4193,1,352.51,72.8,41.5,0.00,43.0,63,Host
20251207_213615,H_4193,1,353.52,72.5,69.0,0.00,43.0,63,Host
20251207_213615,H_4193,1,354.52,72.8,54.7,0.00,43.0,63,Host
20251207_213615,H_4193,1,355.54,72.4,97.2,0.00,43.0,63,Host
20251207_213615,H_4193,1,356.55,72.3,41.3,0.00,43.0,63,Host
20251207_213615,H_4193,1,357.57,72.2,41.6,0.00,43.0,63,Host
20251207_213615,H_4193,1,358.57,72.6,41.1,0.00,43.0,63,Host
20251207_213615,H_4193,1,359.58,72.6,54.7,0.00,43.0,63,Host
20251207_213615,H_4193,1,360.58,72.5,54.7,0.00,43.0,63,Host
20251207_213615,H_4193,1,361.59,72.1,69.2,0.00,43.0,63,Host
20251207_213615,H_4193,1,362.59,72.5,68.9,0.00,43.0,63,Host
20251207_213615,H_4193,1,363.59,72.4,55.0,0.00,43.0,62,Host
20251207_213615,H_4193,1,364.61,72.2,41.1,0.00,43.0,62,Host
20251207_213615,H_4193,1,365.61,72.6,41.6,0.00,43.0,62,Host
20251207_213615,H_4193,1,366.62,72.4,54.9,0.00,43.0,62,Host
20251207_213615,H_4193,1,367.63,72.0,54.6,0.00,43.0,62,Host
20251207_213615,H_4193,1,368.63,72.2,68.8,0.00,43.0,62,Host
20251207_213615,H_4193,1,369.65,72.3,41.4,0.00,43.0,62,Host
20251207_213615,H_4193,1,370.65,72.7,41.7,0.00,43.0,62,Host
20251207_213615,H_4193,1,371.65,70.9,41.7,0.00,43.0,62,Host
20251207_213615,H_4193,1,372.65,72.4,69.4,0.00,43.0,62,Host
20251207_213615,H_4193,1,373.66,72.3,97.0,0.00,43.0,62,Host
20251207_213615,H_4193,1,374.66,72.0,83.4,0.00,43.0,62,Host
20251207_213615,H_4193,1,375.68,72.4,40.9,0.00,43.0,62,Host
20251207_213615,H_4193,1,376.69,72.3,55.4,0.00,43.0,62,Host
20251207_213615,H_4193,1,377.69,72.4,41.2,0.00,43.0,62,Host
20251207_213615,H_4193,1,378.70,72.3,68.0,0.00,43.0,62,Host
20251207_213615,H_4193,1,379.72,72.7,68.2,0.00,43.0,62,Host
20251207_213615,H_4193,1,380.72,72.6,55.0,0.00,43.0,62,Host
20251207_213615,H_4193,1,381.73,72.2,41.5,0.00,43.0,62,Host
20251207_213615,H_4193,1,382.73,72.2,41.1,0.00,43.0,62,Host
20251207_213615,H_4193,1,383.73,71.1,82.3,0.00,43.0,62,Host
20251207_213615,H_4193,1,384.75,72.7,82.8,0.00,43.0,62,Host
20251207_213615,H_4193,1,385.76,71.4,41.6,0.00,43.0,62,Host
20251207_213615,H_4193,1,386.76,72.7,41.4,0.00,43.0,62,Host
20251207_213615,H_4193,1,387.77,71.3,55.0,0.00,43.0,62,Host
20251207_213615,H_4193,1,388.79,72.4,55.3,0.00,43.0,62,Host
20251207_213615,H_4193,1,389.79,71.3,55.7,0.00,43.0,62,Host
20251207_213615,H_4193,1,390.79,72.5,55.4,0.00,43.0,62,Host
20251207_213615,H_4193,1,391.80,72.6,69.6,0.00,43.0,62,Host
20251207_213615,H_4193,1,392.80,72.3,69.5,0.00,43.0,62,Host
20251207_213615,H_4193,1,393.82,72.8,69.5,0.00,43.0,62,Host
20251207_213615,H_4193,1,394.82,72.2,41.0,0.00,43.0,62,Host
20251207_213615,H_4193,1,395.83,72.5,41.3,0.00,43.0,62,Host
20251207_213615,H_4193,1,396.84,71.4,69.4,0.00,43.0,62,Host
20251207_213615,H_4193,1,397.86,70.8,41.8,0.00,43.0,62,Host
20251207_213615,H_4193,1,398.86,71.2,40.6,0.00,43.0,62,Host
20251207_213615,H_4193,1,399.86,72.3,69.6,0.00,43.0,62,Host
20251207_213615,H_4193,1,400.87,72.3,97.0,0.00,43.0,62,Host
20251207_213615,H_4193,1,401.87,71.1,55.2,0.00,43.0,62,Host
20251207_213615,H_4193,1,402.88,72.4,41.0,0.00,43.0,62,Host
20251207_213615,H_4193,1,403.90,72.3,41.7,0.00,43.0,62,Host
20251207_213615,H_4193,1,404.91,72.3,41.6,0.00,43.0,62,Host
20251207_213615,H_4193,1,405.93,70.8,54.7,0.00,43.0,62,Host
20251207_213615,H_4193,1,406.94,70.8,55.1,0.00,43.0,62,Host
20251207_213615,H_4193,1,407.95,72.3,55.1,0.00,43.0,62,Host
20251207_213615,H_4193,1,408.95,72.2,55.2,0.00,43.0,62,Host
20251207_213615,H_4193,1,409.97,71.3,55.5,0.00,43.0,62,Host
20251207_213615,H_4193,1,410.97,72.6,41.2,0.00,43.0,62,Host
20251207_213615,H_4193,1,411.97,72.3,55.2,0.00,43.0,62,Host
20251207_213615,H_4193,1,412.98,71.5,41.1,0.00,43.0,62,Host
20251207_213615,H_4193,1,413.98,72.3,55.2,0.00,43.0,62,Host
20251207_213615,H_4193,1,415.00,72.6,41.5,0.00,44.0,62,Host
20251207_213615,H_4193,1,416.00,72.5,69.5,0.00,44.0,62,Host
20251207_213615,H_4193,1,417.01,72.6,55.9,0.00,44.0,62,Host
20251207_213615,H_4193,1,418.02,72.3,55.1,0.00,44.0,62,Host
20251207_213615,H_4193,1,419.04,72.7,41.4,0.00,44.0,62,Host
20251207_213615,H_4193,1,420.05,68.8,55.7,0.00,44.0,62,Host
20251207_213615,H_4193,1,421.05,72.6,83.3,0.00,44.0,62,Host
20251207_213615,H_4193,1,422.06,72.5,55.1,0.00,44.0,62,Host
20251207_213615,H_4193,1,423.07,71.1,41.0,0.00,44.0,62,Host
20251207_213615,H_4193,1,424.08,72.2,55.4,0.00,44.0,62,Host
20251207_213615,H_4193,1,425.09,72.4,55.4,0.00,43.0,62,Host
20251207_213615,H_4193,1,426.09,72.3,55.2,0.00,43.0,62,Host
20251207_213615,H_4193,1,427.11,72.4,69.1,0.00,43.0,62,Host
20251207_213615,H_4193,1,428.12,72.2,41.2,0.00,43.0,62,Host
20251207_213615,H_4193,1,429.12,71.5,41.5,0.00,43.0,62,Host
20251207_213615,H_4193,1,430.12,71.0,41.5,0.00,43.0,62,Host
20251207_213615,H_4193,1,431.13,72.2,68.3,0.00,44.0,61,Host
20251207_213615,H_4193,1,432.14,72.0,41.5,0.00,44.0,61,Host
20251207_213615,H_4193,1,433.15,70.5,55.1,0.00,44.0,61,Host
20251207_213615,H_4193,1,434.15,72.3,55.3,0.00,44.0,61,Host
20251207_213615,H_4193,1,435.15,72.3,55.1,0.00,45.0,61,Host
20251207_213615,H_4193,1,436.15,72.1,69.0,0.00,45.0,61,Host
20251207_213615,H_4193,1,437.15,72.3,55.0,0.00,45.0,61,Host
20251207_213615,H_4193,1,438.16,72.6,41.3,0.00,44.0,61,Host
20251207_213615,H_4193,1,439.16,72.9,41.7,0.00,44.0,61,Host
20251207_213615,H_4193,1,440.18,72.2,97.1,0.00,44.0,61,Host
20251207_213615,H_4193,1,441.19,71.0,41.3,0.00,44.0,61,Host
20251207_213615,H_4193,1,442.19,72.5,41.4,0.00,44.0,61,Host
20251207_213615,H_4193,1,443.20,71.3,69.1,0.00,44.0,61,Host
20251207_213615,H_4193,1,444.20,72.2,41.1,0.00,44.0,61,Host
20251207_213615,H_4193,1,445.22,72.4,54.7,0.00,44.0,61,Host
20251207_213615,H_4193,1,446.22,72.2,69.2,0.00,44.0,61,Host
20251207_213615,H_4193,1,447.22,72.4,55.0,0.00,44.0,61,Host
20251207_213615,H_4193,1,448.22,72.2,55.3,0.00,44.0,61,Host
20251207_213615,H_4193,1,449.23,72.2,55.4,0.00,44.0,61,Host
20251207_213615,H_4193,1,450.23,71.6,68.5,0.00,44.0,61,Host
20251207_213615,H_4193,1,451.23,72.6,68.9,0.00,44.0,61,Host
20251207_213615,H_4193,1,452.24,71.3,41.6,0.00,44.0,61,Host
20251207_213615,H_4193,1,453.24,72.2,41.7,0.00,44.0,61,Host
20251207_213615,H_4193,1,454.24,72.8,54.8,0.00,44.0,61,Host
20251207_213615,H_4193,1,455.25,71.3,41.5,0.00,45.0,61,Host
20251207_213615,H_4193,1,456.25,72.5,41.6,0.00,45.0,61,Host
20251207_213615,H_4193,1,457.26,72.0,41.8,0.00,45.0,61,Host
20251207_213615,H_4193,1,458.27,73.0,27.8,0.00,45.0,61,Host
20251207_213615,H_4193,1,459.27,72.2,41.0,0.00,45.0,61,Host
20251207_213615,H_4193,1,460.29,72.6,41.9,0.00,45.0,61,Host
20251207_213615,H_4193,1,461.30,71.2,41.0,0.00,45.0,61,Host
20251207_213615,H_4193,1,462.30,72.2,41.5,0.00,45.0,61,Host
20251207_213615,H_4193,1,463.30,72.1,68.3,0.00,45.0,61,Host
20251207_213615,H_4193,1,464.31,70.8,54.7,0.00,45.0,61,Host
20251207_213615,H_4193,1,465.31,72.4,54.6,0.00,44.0,61,Host
20251207_213615,H_4193,1,466.33,72.1,54.9,0.00,44.0,61,Host
20251207_213615,H_4193,1,467.34,71.0,67.3,0.00,44.0,61,Host
20251207_213615,H_4193,1,468.34,72.3,40.6,0.00,44.0,61,Host
20251207_213615,H_4193,1,469.34,72.2,40.6,0.00,44.0,61,Host
20251207_213615,H_4193,1,470.34,71.2,69.2,0.00,44.0,61,Host
20251207_213615,H_4193,1,471.34,72.3,68.9,0.00,44.0,61,Host
20251207_213615,H_4193,1,472.36,72.3,69.1,0.00,44.0,61,Host
20251207_213615,H_4193,1,473.37,70.7,55.2,0.00,44.0,61,Host
20251207_213615,H_4193,1,474.37,72.2,55.2,0.00,44.0,61,Host
20251207_213615,H_4193,1,475.38,72.3,55.0,0.00,45.0,61,Host
20251207_213615,H_4193,1,476.40,72.4,40.8,0.00,45.0,61,Host
20251207_213615,H_4193,1,477.40,72.5,69.0,0.00,45.0,61,Host
20251207_213615,H_4193,1,478.41,72.3,82.6,0.00,45.0,61,Host
20251207_213615,H_4193,1,479.41,72.5,41.3,0.00,45.0,61,Host
20251207_213615,H_4193,1,480.43,71.3,55.4,0.00,45.0,61,Host
20251207_213615,H_4193,1,481.43,72.5,41.4,0.00,45.0,61,Host
20251207_213615,H_4193,1,482.43,72.6,55.6,0.00,45.0,61,Host
20251207_213615,H_4193,1,483.44,72.5,41.1,0.00,45.0,61,Host
20251207_213615,H_4193,1,484.44,72.7,83.2,0.00,45.0,61,Host
20251207_213615,H_4193,1,485.46,71.0,55.4,0.00,45.0,61,Host
20251207_213615,H_4193,1,486.47,72.2,54.7,0.00,45.0,61,Host
20251207_213615,H_4193,1,487.47,71.5,68.8,0.00,45.0,61,Host
20251207_213615,H_4193,1,488.48,72.2,96.5,0.00,45.0,61,Host
20251207_213615,H_4193,1,489.50,70.9,55.1,0.00,45.0,61,Host
20251207_213615,H_4193,1,490.51,72.7,68.8,0.00,45.0,61,Host
20251207_213615,H_4193,1,491.52,72.5,41.3,0.00,45.0,61,Host
20251207_213615,H_4193,1,492.52,72.3,55.2,0.00,45.0,61,Host
20251207_213615,H_4193,1,493.54,72.7,68.6,0.00,45.0,61,Host
20251207_213615,H_4193,1,494.54,72.8,41.6,0.00,45.0,61,Host
20251207_213615,H_4193,1,495.55,72.4,55.5,0.00,45.0,61,Host
20251207_213615,H_4193,1,496.56,72.6,69.6,0.00,45.0,61,Host
20251207_213615,H_4193,1,497.56,72.3,69.9,0.00,45.0,61,Host
20251207_213615,H_4193,1,498.57,71.2,55.8,0.00,45.0,61,Host
20251207_213615,H_4193,1,499.58,72.3,55.3,0.00,45.0,61,Host
20251207_213615,H_4193,1,500.59,72.7,55.5,0.00,45.0,61,Host
20251207_213615,H_4193,1,501.61,72.5,69.3,0.00,45.0,61,Host
20251207_213615,H_4193,1,502.61,72.4,55.1,0.00,45.0,61,Host
20251207_213615,H_4193,1,503.61,71.4,41.4,0.00,45.0,61,Host
20251207_213615,H_4193,1,504.62,72.4,41.9,0.00,45.0,61,Host
20251207_213615,H_4193,1,505.62,72.4,41.3,0.00,45.0,61,Host
20251207_213615,H_4193,1,506.63,72.8,55.2,0.00,45.0,61,Host
20251207_213615,H_4193,1,507.64,72.2,41.6,0.00,45.0,61,Host
20251207_213615,H_4193,1,508.65,71.6,41.7,0.00,45.0,61,Host
20251207_213615,H_4193,1,509.65,72.4,41.6,0.00,45.0,61,Host
20251207_213615,H_4193,1,510.66,72.4,55.2,0.00,45.0,61,Host
20251207_213615,H_4193,1,511.66,70.8,69.6,0.00,45.0,61,Host
20251207_213615,H_4193,1,512.68,72.3,55.3,0.00,45.0,61,Host
20251207_213615,H_4193,1,513.68,72.4,41.9,0.00,45.0,61,Host
20251207_213615,H_4193,1,514.69,72.8,40.7,0.00,45.0,61,Host
20251207_213615,H_4193,1,515.70,72.5,41.2,0.00,45.0,61,Host
20251207_213615,H_4193,1,516.72,72.8,55.3,0.00,45.0,61,Host
20251207_213615,H_4193,1,517.72,72.6,54.9,0.00,45.0,61,Host
20251207_213615,H_4193,1,518.72,72.6,111.7,0.00,45.0,61,Host
20251207_213615,H_4193,1,519.73,72.5,68.8,0.00,45.0,61,Host
20251207_213615,H_4193,1,520.73,72.8,68.5,0.00,45.0,61,Host
20251207_213615,H_4193,1,521.75,71.5,40.6,0.00,45.0,60,Host
20251207_213615,H_4193,1,522.76,72.8,41.5,0.00,45.0,60,Host
20251207_213615,H_4193,1,523.77,72.5,41.3,0.00,45.0,60,Host
20251207_213615,H_4193,1,524.77,72.4,55.1,0.00,45.0,60,Host
20251207_213615,H_4193,1,525.79,72.5,41.2,0.00,45.0,60,Host
20251207_213615,H_4193,1,526.79,73.0,54.7,0.00,45.0,60,Host
20251207_213615,H_4193,1,527.80,69.9,41.3,0.00,45.0,60,Host
20251207_213615,H_4193,1,528.80,72.1,55.5,0.00,45.0,60,Host
20251207_213615,H_4193,1,529.82,71.6,41.3,0.00,45.0,60,Host
20251207_213615,H_4193,1,530.82,72.5,41.2,0.00,45.0,60,Host
20251207_213615,H_4193,1,531.83,72.5,41.5,0.00,45.0,60,Host
20251207_213615,H_4193,1,532.84,71.7,69.5,0.00,45.0,60,Host
20251207_213615,H_4193,1,533.84,72.4,41.6,0.00,45.0,60,Host
20251207_213615,H_4193,1,534.86,70.2,41.3,0.00,45.0,60,Host
20251207_213615,H_4193,1,535.86,72.2,82.9,0.00,45.0,60,Host
20251207_213615,H_4193,1,536.86,72.4,69.5,0.00,45.0,60,Host
20251207_213615,H_4193,1,537.87,72.5,69.3,0.00,45.0,60,Host
20251207_213615,H_4193,1,538.87,72.3,54.9,0.00,45.0,60,Host
20251207_213615,H_4193,1,539.88,72.4,55.7,0.00,45.0,60,Host
20251207_213615,H_4193,1,540.88,72.4,41.7,0.00,45.0,60,Host
20251207_213615,H_4193,1,541.90,72.7,41.1,0.00,45.0,60,Host
20251207_213615,H_4193,1,542.90,72.2,40.9,0.00,45.0,60,Host
20251207_213615,H_4193,1,543.90,72.6,41.1,0.00,45.0,60,Host
20251207_213615,H_4193,1,544.91,72.7,54.5,0.00,45.0,60,Host
20251207_213615,H_4193,1,545.93,72.3,55.2,0.00,45.0,60,Host
20251207_213615,H_4193,1,546.93,72.8,68.6,0.00,45.0,60,Host
20251207_213615,H_4193,1,547.94,72.3,55.6,0.00,45.0,60,Host
20251207_213615,H_4193,1,548.95,72.7,69.1,0.00,45.0,60,Host
20251207_213615,H_4193,1,549.95,72.2,55.3,0.00,45.0,60,Host
20251207_213615,H_4193,1,550.97,72.2,41.0,0.00,45.0,60,Host
20251207_213615,H_4193,1,551.97,72.1,54.8,0.00,45.0,60,Host
20251207_213615,H_4193,1,552.97,72.3,69.5,0.00,45.0,60,Host
20251207_213615,H_4193,1,553.98,71.0,41.8,0.00,45.0,60,Host
20251207_213615,H_4193,1,554.98,72.4,70.1,0.00,45.0,60,Host
20251207_213615,H_4193,1,555.98,72.2,69.9,0.00,45.0,60,Host
20251207_213615,H_4193,1,557.00,71.0,41.7,0.00,45.0,60,Host
20251207_213615,H_4193,1,558.01,72.3,55.8,0.00,45.0,60,Host
20251207_213615,H_4193,1,559.02,72.1,69.4,0.00,45.0,60,Host
20251207_213615,H_4193,1,560.02,72.5,55.0,0.00,45.0,60,Host
20251207_213615,H_4193,1,561.04,72.6,68.7,0.00,45.0,60,Host
20251207_213615,H_4193,1,562.04,72.3,68.4,0.00,45.0,60,Host
20251207_213615,H_4193,1,563.04,72.3,69.6,0.00,45.0,60,Host
20251207_213615,H_4193,1,564.05,72.2,41.3,0.00,45.0,60,Host
20251207_213615,H_4193,1,565.05,70.9,55.3,0.00,45.0,60,Host
20251207_213615,H_4193,1,566.06,72.2,41.1,0.00,45.0,60,Host
20251207_213615,H_4193,1,567.07,72.2,41.1,0.00,45.0,60,Host
20251207_213615,H_4193,1,568.08,71.0,41.3,0.00,45.0,60,Host
20251207_213615,H_4193,1,569.08,72.3,55.2,0.00,45.0,60,Host
20251207_213615,H_4193,1,570.08,72.4,40.8,0.00,45.0,60,Host
20251207_213615,H_4193,1,571.09,71.5,69.3,0.00,45.0,60,Host
20251207_213615,H_4193,1,572.09,69.7,41.4,0.00,45.0,60,Host
20251207_213615,H_4193,1,573.09,72.4,97.6,0.00,45.0,60,Host
20251207_213615,H_4193,1,574.11,72.3,55.1,0.00,45.0,60,Host
20251207_213615,H_4193,1,575.12,70.2,41.4,0.00,45.0,60,Host
20251207_213615,H_4193,1,576.12,72.7,41.4,0.00,45.0,60,Host
20251207_213615,H_4193,1,577.12,72.9,41.6,0.00,45.0,60,Host
20251207_213615,H_4193,1,578.14,71.8,41.4,0.00,45.0,60,Host
20251207_213615,H_4193,1,579.14,72.8,55.7,0.00,45.0,60,Host
20251207_213615,H_4193,1,580.15,72.2,55.5,0.00,45.0,60,Host
20251207_213615,H_4193,1,581.16,72.2,83.2,0.00,45.0,60,Host
20251207_213615,H_4193,1,582.16,72.4,55.4,0.00,45.0,60,Host
20251207_213615,H_4193,1,583.18,72.5,97.0,0.00,45.0,60,Host
20251207_213615,H_4193,1,584.18,72.3,97.0,0.00,45.0,60,Host
20251207_213615,H_4193,1,585.19,70.1,41.6,0.00,45.0,60,Host
20251207_213615,H_4193,1,586.20,70.6,55.1,0.00,45.0,60,Host
20251207_213615,H_4193,1,587.20,72.3,41.4,0.00,45.0,60,Host
20251207_213615,H_4193,1,588.22,71.1,41.5,0.00,45.0,60,Host
20251207_213615,H_4193,1,589.23,71.2,69.1,0.00,45.0,60,Host
20251207_213615,H_4193,1,590.24,72.6,41.1,0.00,45.0,60,Host
20251207_213615,H_4193,1,591.24,72.4,69.2,0.00,45.0,60,Host
20251207_213615,H_4193,1,592.25,72.4,83.0,0.00,45.0,60,Host
20251207_213615,H_4193,1,593.26,71.4,69.2,0.00,45.0,60,Host
20251207_213615,H_4193,1,594.26,72.5,41.3,0.00,45.0,60,Host
20251207_213615,H_4193,1,595.27,70.1,54.7,0.00,45.0,60,Host
20251207_213615,H_4193,1,596.29,72.4,41.2,0.00,45.0,60,Host
20251207_213615,H_4193,1,597.30,72.1,41.4,0.00,45.0,60,Host
20251207_213615,H_4193,1,598.30,72.4,41.5,0.00,45.0,60,Host
20251207_213615,H_4193,1,599.30,72.3,83.4,0.00,45.0,60,Host
20251207_213615,H_4193,1,600.32,70.6,41.3,0.00,45.0,60,Host
20251207_213615,H_4193,1,601.33,72.9,54.8,0.00,45.0,60,Host
20251207_213615,H_4193,1,602.34,71.3,55.8,0.00,45.0,60,Host
20251207_213615,H_4193,1,603.34,72.8,68.8,0.00,45.0,60,Host
20251207_213615,H_4193,1,604.36,72.3,82.9,0.00,45.0,60,Host
20251207_213615,H_4193,1,605.37,72.4,55.7,0.00,45.0,60,Host
20251207_213615,H_4193,1,606.37,72.4,54.7,0.00,45.0,60,Host
20251207_213615,H_4193,1,607.37,71.0,54.7,0.00,45.0,60,Host
20251207_213615,H_4193,1,608.37,72.4,83.6,0.00,45.0,60,Host
20251207_213615,H_4193,1,609.38,70.3,41.4,0.00,45.0,60,Host
20251207_213615,H_4193,1,610.38,71.6,54.8,0.00,45.0,60,Host
20251207_213615,H_4193,1,611.40,72.6,41.6,0.00,45.0,60,Host
20251207_213615,H_4193,1,612.40,72.3,70.2,0.00,46.0,59,Host
20251207_213615,H_4193,1,613.40,72.4,55.1,0.00,46.0,59,Host
20251207_213615,H_4193,1,614.40,72.4,68.9,0.00,46.0,59,Host
20251207_213615,H_4193,1,615.40,73.3,54.8,0.00,46.0,59,Host
20251207_213615,H_4193,1,616.40,73.4,55.3,0.00,46.0,59,Host
20251207_213615,H_4193,1,617.41,72.4,55.1,0.00,46.0,59,Host
20251207_213615,H_4193,1,618.41,73.2,54.8,0.00,46.0,59,Host
20251207_213615,H_4193,1,619.43,72.8,68.8,0.00,46.0,59,Host
20251207_213615,H_4193,1,620.43,72.5,68.7,0.00,46.0,59,Host
20251207_213615,H_4193,1,621.43,72.3,55.2,0.00,46.0,59,Host
20251207_213615,H_4193,1,622.44,72.3,41.5,0.00,46.0,59,Host
20251207_213615,H_4193,1,623.44,72.2,55.3,0.00,46.0,59,Host
20251207_213615,H_4193,1,624.44,72.3,41.3,0.00,46.0,59,Host
20251207_213615,H_4193,1,625.45,72.4,54.9,0.00,46.0,59,Host
20251207_213615,H_4193,1,626.45,72.7,54.5,0.00,46.0,59,Host
20251207_213615,H_4193,1,627.47,72.6,55.1,0.00,46.0,59,Host
20251207_213615,H_4193,1,628.48,72.5,41.3,0.00,46.0,59,Host
20251207_213615,H_4193,1,629.48,72.5,41.6,0.00,46.0,59,Host
20251207_213615,H_4193,1,630.48,72.5,41.5,0.00,46.0,59,Host
20251207_213615,H_4193,1,631.50,72.2,68.8,0.00,46.0,59,Host
20251207_213615,H_4193,1,632.51,71.2,69.6,0.00,46.0,59,Host
20251207_213615,H_4193,1,633.52,72.6,41.6,0.00,46.0,59,Host
20251207_213615,H_4193,1,634.52,72.5,55.5,0.00,46.0,59,Host
20251207_213615,H_4193,1,635.54,72.6,55.2,0.00,46.0,59,Host
20251207_213615,H_4193,1,636.55,72.4,41.1,0.00,46.0,59,Host
20251207_213615,H_4193,1,637.55,71.1,41.2,0.00,46.0,59,Host
20251207_213615,H_4193,1,638.55,72.7,68.8,0.00,46.0,59,Host
20251207_213615,H_4193,1,639.56,70.9,41.2,0.00,46.0,59,Host
20251207_213615,H_4193,1,640.56,72.3,68.6,0.00,46.0,59,Host
20251207_213615,H_4193,1,641.58,71.1,54.4,0.00,46.0,59,Host
20251207_213615,H_4193,1,642.59,72.5,69.4,0.00,46.0,59,Host
20251207_213615,H_4193,1,643.61,71.5,41.2,0.00,46.0,59,Host
20251207_213615,H_4193,1,644.61,72.5,41.3,0.00,46.0,59,Host
20251207_213615,H_4193,1,645.61,71.0,124.1,0.00,46.0,59,Host
20251207_213615,H_4193,1,646.61,72.5,55.2,0.00,46.0,59,Host
20251207_213615,H_4193,1,647.62,72.5,41.6,0.00,46.0,59,Host
20251207_213615,H_4193,1,648.63,71.3,41.1,0.00,46.0,59,Host
20251207_213615,H_4193,1,649.64,72.6,54.9,0.00,46.0,59,Host
20251207_213615,H_4193,1,650.65,72.3,41.6,0.00,46.0,59,Host
20251207_213615,H_4193,1,651.66,72.5,69.2,0.00,46.0,59,Host
20251207_213615,H_4193,1,652.68,73.0,41.3,0.00,46.0,59,Host
20251207_213615,H_4193,1,653.69,69.7,55.0,0.00,46.0,59,Host
20251207_213615,H_4193,1,654.70,72.8,55.3,0.00,46.0,59,Host
20251207_213615,H_4193,1,655.72,71.7,55.2,0.00,46.0,59,Host
20251207_213615,H_4193,1,656.72,72.5,55.3,0.00,46.0,59,Host
20251207_213615,H_4193,1,657.73,72.5,68.7,0.00,46.0,59,Host
20251207_213615,H_4193,1,658.75,71.5,41.0,0.00,46.0,59,Host
20251207_213615,H_4193,1,659.75,72.2,41.3,0.00,46.0,59,Host
