session_id,participant_count,timestamp_sec,frame_rate_fps,frame_time_ms,network_latency_ms,packet_loss_pct,calibration_error_mm,headset_temp_c
demo,3,0,95.0,10.53,31.2,0.022,2.74,32.8
demo,3,1,93.2,10.73,33.7,0.005,4.04,31.1
demo,3,2,89.6,11.16,24.4,0.558,4.62,32.1
demo,3,3,92.8,10.77,42.0,0.091,5.56,31.7
demo,3,4,90.2,11.09,41.4,0.041,6.44,31.7
demo,3,5,90.4,11.07,28.2,0.156,4.53,31.8
demo,3,6,87.4,11.45,25.6,0.101,5.95,31.7
demo,3,7,89.7,11.15,31.9,0.02,4.62,32.1
demo,3,8,91.0,10.99,22.4,0.186,4.17,31.5
demo,3,9,90.5,11.05,24.1,0.07,4.05,33.0
demo,3,10,87.3,11.46,32.8,0.042,6.21,32.9
demo,3,11,88.4,11.31,22.7,0.046,6.83,31.5
demo,3,12,88.5,11.3,22.0,0.07,6.66,31.8
demo,3,13,91.0,10.99,17.7,0.215,5.27,32.2
demo,3,14,88.5,11.29,21.9,0.001,5.36,32.2
demo,3,15,90.9,11.0,19.3,0.137,5.24,32.4
demo,3,16,89.8,11.13,25.9,0.043,2.82,32.5
demo,3,17,91.6,10.92,29.2,0.042,2.82,32.3
demo,3,18,90.0,11.11,23.5,0.013,5.17,32.0
demo,3,19,90.7,11.03,25.1,0.006,3.23,32.6
demo,3,20,89.1,11.22,30.1,0.03,4.69,32.6
demo,3,21,89.8,11.13,24.1,0.106,4.6,31.3
demo,3,22,90.2,11.09,21.9,0.141,3.42,31.3
demo,3,23,89.8,11.14,18.9,0.075,5.69,33.4
demo,3,24,92.1,10.86,25.2,0.023,5.15,32.0
demo,3,25,88.2,11.33,19.6,0.096,4.73,31.6
demo,3,26,85.0,11.76,18.9,0.365,6.4,32.4
demo,3,27,86.9,11.5,15.0,0.211,4.8,32.4
demo,3,28,89.9,11.13,17.9,0.231,6.19,31.5
demo,3,29,91.8,10.89,28.6,0.083,5.48,32.1
demo,3,30,92.8,10.77,28.6,0.042,3.87,32.6
demo,3,31,91.5,10.93,20.1,0.074,3.92,32.7
demo,3,32,87.5,11.43,35.6,0.091,6.09,31.7
demo,3,33,88.6,11.28,28.9,0.036,6.34,32.7
demo,3,34,91.9,10.88,30.8,0.05,3.61,31.9
demo,3,35,90.8,11.01,20.7,0.01,6.19,32.1
demo,3,36,88.2,11.33,29.1,0.112,5.6,31.8
demo,3,37,87.3,11.45,24.6,0.131,4.35,31.6
demo,3,38,86.5,11.57,27.7,0.047,4.61,32.5
demo,3,39,89.4,11.19,22.1,0.055,2.9,32.6
demo,3,40,85.9,11.64,19.3,0.104,5.09,32.5
demo,3,41,86.6,11.54,20.4,0.01,3.19,31.9
demo,3,42,89.1,11.22,21.6,0.218,6.16,31.8
demo,3,43,87.3,11.45,34.6,0.027,6.31,31.4
demo,3,44,87.5,11.43,21.9,0.012,4.93,32.8
demo,3,45,89.5,11.18,36.7,0.206,3.94,33.7
demo,3,46,90.2,11.08,26.9,0.012,5.6,32.0
demo,3,47,90.2,11.09,31.2,0.081,4.16,33.3
demo,3,48,88.4,11.31,26.6,0.325,5.8,33.0
demo,3,49,88.0,11.36,22.6,0.053,6.29,33.0
demo,3,50,92.7,10.78,17.4,0.168,5.05,32.1
demo,3,51,90.4,11.07,32.9,0.105,5.35,32.3
demo,3,52,89.8,11.14,21.6,0.01,4.73,31.8
demo,3,53,89.5,11.17,27.1,0.102,6.45,32.4
demo,3,54,91.4,10.95,29.2,0.071,7.51,32.6
demo,3,55,87.8,11.39,22.3,0.226,4.65,32.5
demo,3,56,93.6,10.68,25.2,0.078,6.13,32.6
demo,3,57,91.8,10.89,23.1,0.018,3.78,31.6
demo,3,58,90.9,11.0,30.5,0.057,4.66,32.5
demo,3,59,90.7,11.03,19.3,0.103,4.63,33.1
demo,3,60,91.7,10.91,30.7,0.331,5.38,31.7
demo,3,61,90.0,11.11,17.9,0.042,3.56,32.5
demo,3,62,90.0,11.12,22.1,0.041,4.58,31.9
demo,3,63,92.3,10.83,26.6,0.055,5.09,32.9
demo,3,64,89.2,11.22,38.7,0.132,3.47,32.7
demo,3,65,90.4,11.06,19.7,0.067,4.92,32.0
demo,3,66,92.3,10.83,25.3,0.008,6.19,32.2
demo,3,67,87.1,11.48,29.7,0.187,4.15,30.4
demo,3,68,87.9,11.38,23.1,0.039,5.75,32.4
demo,3,69,89.8,11.13,30.4,0.083,3.9,32.8
demo,3,70,90.5,11.05,19.8,0.231,4.23,33.1
demo,3,71,86.3,11.58,28.9,0.707,5.79,33.2
demo,3,72,93.5,10.7,18.9,0.042,5.06,32.3
demo,3,73,90.1,11.1,28.2,0.009,4.81,32.8
demo,3,74,88.1,11.35,19.9,0.086,4.56,34.0
demo,3,75,87.8,11.39,30.7,0.152,5.66,32.2
demo,3,76,92.2,10.84,30.6,0.066,4.56,32.6
demo,3,77,90.2,11.09,19.4,0.134,5.23,32.7
demo,3,78,93.1,10.74,24.3,0.04,6.01,32.5
demo,3,79,88.0,11.37,21.2,0.035,3.31,32.2
demo,3,80,92.5,10.81,17.6,0.144,5.95,32.8
demo,3,81,90.0,11.11,32.3,0.086,6.12,32.7
demo,3,82,89.7,11.15,29.3,0.079,5.31,33.2
demo,3,83,91.5,10.93,25.2,0.156,5.07,32.6
demo,3,84,92.1,10.86,25.4,0.012,4.61,32.8
demo,3,85,90.6,11.04,31.1,0.021,7.15,32.4
demo,3,86,87.6,11.42,34.6,0.23,6.22,34.3
demo,3,87,89.9,11.12,18.4,0.163,5.32,31.8
demo,3,88,91.2,10.96,21.1,0.083,6.49,33.0
demo,3,89,85.4,11.72,29.6,0.104,5.01,33.0
demo,3,90,87.8,11.39,17.2,0.057,5.18,32.2
demo,3,91,94.9,10.54,24.2,0.045,6.11,32.7
demo,3,92,89.9,11.13,27.7,0.004,4.28,32.4
demo,3,93,89.2,11.21,23.8,0.005,5.28,33.1
demo,3,94,91.4,10.94,27.7,0.157,5.8,32.6
demo,3,95,89.0,11.24,25.8,0.115,5.8,32.8
demo,3,96,92.0,10.86,15.9,0.001,4.72,32.5
demo,3,97,92.3,10.83,25.5,0.023,3.76,32.7
demo,3,98,89.7,11.15,19.8,0.008,4.77,32.7
demo,3,99,89.9,11.13,20.2,0.09,5.27,32.4
demo,3,100,90.6,11.03,28.8,0.014,6.91,33.1
demo,3,101,90.7,11.02,28.6,0.1,6.21,33.0
demo,3,102,87.1,11.48,30.9,0.047,5.36,32.7
demo,3,103,88.5,11.3,29.1,0.059,4.09,32.2
demo,3,104,85.7,11.67,19.4,0.1,4.62,33.1
demo,3,105,90.9,11.0,19.5,0.111,5.28,33.3
demo,3,106,88.1,11.35,26.1,0.057,4.47,32.3
demo,3,107,92.3,10.83,25.1,0.136,6.23,33.9
demo,3,108,90.4,11.06,24.7,0.082,4.39,32.3
demo,3,109,90.6,11.04,36.9,0.001,5.75,33.2
demo,3,110,88.5,11.3,26.0,0.045,4.44,32.5
demo,3,111,85.5,11.7,21.4,0.115,5.13,32.9
demo,3,112,90.5,11.05,25.8,0.022,5.21,32.5
demo,3,113,85.7,11.67,22.1,0.316,5.74,33.3
demo,3,114,90.6,11.04,21.4,0.13,5.98,32.7
demo,3,115,88.5,11.3,21.3,0.007,5.74,33.4
demo,3,116,87.8,11.39,22.5,0.004,5.06,32.2
demo,3,117,87.9,11.37,20.7,0.208,6.99,32.8
demo,3,118,89.4,11.19,23.2,0.065,5.05,32.7
demo,3,119,89.1,11.22,21.9,0.318,5.47,32.5
demo,3,120,87.1,11.48,28.5,0.22,5.44,33.2
demo,3,121,91.1,10.98,42.5,0.176,5.6,33.8
demo,3,122,91.1,10.98,30.2,0.035,5.87,33.3
demo,3,123,87.1,11.49,46.7,0.01,6.38,33.1
demo,3,124,90.4,11.07,41.4,0.035,5.83,32.7
demo,3,125,94.6,10.57,17.5,0.01,3.74,32.3
demo,3,126,93.6,10.68,27.3,0.122,5.52,32.7
demo,3,127,90.9,11.0,26.6,0.06,3.22,32.3
demo,3,128,89.8,11.13,26.6,0.263,5.72,33.5
demo,3,129,88.8,11.26,21.8,0.347,4.63,32.7
demo,3,130,91.6,10.92,29.5,0.034,4.97,31.9
demo,3,131,91.2,10.97,22.8,0.162,4.0,33.5
demo,3,132,85.0,11.76,29.2,0.041,5.21,33.5
demo,3,133,90.1,11.1,38.1,0.074,5.97,32.4
demo,3,134,89.8,11.14,20.9,0.085,5.32,33.3
demo,3,135,89.9,11.12,19.6,0.01,4.41,32.9
demo,3,136,91.0,10.99,24.7,0.127,5.98,33.1
demo,3,137,92.7,10.78,36.0,0.317,5.91,33.1
demo,3,138,91.0,10.99,15.0,0.096,5.99,32.0
demo,3,139,88.4,11.32,22.9,0.047,5.63,33.0
demo,3,140,93.7,10.68,21.9,0.011,5.43,33.4
demo,3,141,90.8,11.02,28.1,0.03,5.85,33.0
demo,3,142,90.0,11.11,22.0,0.328,6.05,32.7
demo,3,143,89.5,11.17,25.4,0.026,5.06,32.9
demo,3,144,90.0,11.11,26.3,0.1,4.66,32.9
demo,3,145,91.1,10.98,29.6,0.244,6.06,33.2
demo,3,146,90.9,11.0,31.8,0.056,5.57,33.3
demo,3,147,87.9,11.37,24.1,0.034,3.56,33.1
demo,3,148,89.7,11.14,17.4,0.019,5.22,33.7
demo,3,149,87.2,11.47,26.2,0.039,6.58,32.8
demo,3,150,88.0,11.36,28.5,0.096,5.38,33.3
demo,3,151,91.3,10.95,28.1,0.128,7.01,33.6
demo,3,152,90.3,11.07,29.5,0.132,4.67,32.4
demo,3,153,89.5,11.18,19.1,0.061,4.66,33.6
demo,3,154,90.2,11.09,30.6,0.119,5.74,32.1
demo,3,155,91.8,10.9,33.9,0.247,4.79,33.4
demo,3,156,86.4,11.57,22.9,0.0,4.75,33.9
demo,3,157,91.6,10.92,21.1,0.179,5.36,33.1
demo,3,158,85.7,11.67,23.1,0.025,4.89,32.4
demo,3,159,88.3,11.32,22.4,0.126,4.71,32.0
demo,3,160,88.8,11.26,19.6,0.011,4.4,33.1
demo,3,161,90.0,11.11,32.0,0.129,3.48,32.4
demo,3,162,89.5,11.17,20.4,0.072,7.01,33.0
demo,3,163,90.4,11.06,28.4,0.016,4.62,33.2
demo,3,164,87.6,11.42,32.6,0.014,5.64,33.6
demo,3,165,88.9,11.25,24.6,0.077,5.5,33.5
demo,3,166,92.1,10.86,26.6,0.075,5.5,32.7
demo,3,167,92.3,10.83,28.6,0.143,6.03,33.7
demo,3,168,88.5,11.3,18.2,0.15,3.41,33.3
demo,3,169,89.4,11.18,17.3,0.093,5.7,32.5
demo,3,170,85.7,11.67,20.9,0.083,6.16,33.5
demo,3,171,92.2,10.85,21.9,0.049,5.78,32.2
demo,3,172,87.9,11.38,16.1,0.068,5.42,33.7
demo,3,173,86.8,11.53,21.4,0.053,7.02,33.2
demo,3,174,88.8,11.27,23.0,0.048,4.1,32.4
demo,3,175,88.1,11.35,30.3,0.07,4.03,33.5
demo,3,176,90.1,11.1,33.8,0.059,4.76,33.5
demo,3,177,89.7,11.15,30.0,0.094,5.52,33.3
demo,3,178,92.2,10.85,27.9,0.057,4.65,33.2
demo,3,179,90.6,11.04,16.9,0.09,5.39,34.0
demo,3,180,92.9,10.77,25.4,0.069,6.21,33.3
demo,3,181,86.0,11.62,17.9,0.0,5.01,33.2
demo,3,182,92.1,10.86,25.1,0.08,6.23,32.9
demo,3,183,91.1,10.97,20.4,0.094,6.27,33.8
demo,3,184,88.0,11.37,29.0,0.059,4.63,34.2
demo,3,185,91.2,10.96,32.1,0.012,6.09,33.7
demo,3,186,87.4,11.44,27.2,0.031,3.85,32.9
demo,3,187,90.6,11.03,22.0,0.102,3.9,33.4
demo,3,188,87.0,11.5,28.1,0.023,4.23,33.7
demo,3,189,88.3,11.32,30.6,0.065,6.32,33.7
demo,3,190,89.3,11.2,17.4,0.043,5.97,33.9
demo,3,191,92.3,10.84,24.3,0.027,5.94,33.5
demo,3,192,89.8,11.13,26.9,0.052,5.34,33.4
demo,3,193,87.2,11.46,27.1,0.393,6.41,33.7
demo,3,194,90.7,11.03,30.6,0.035,4.39,33.3
demo,3,195,86.1,11.62,24.1,0.043,4.91,33.0
demo,3,196,85.0,11.76,28.5,0.077,6.07,33.4
demo,3,197,88.2,11.34,20.6,0.372,5.19,33.3
demo,3,198,88.4,11.31,25.5,0.009,2.87,33.1
demo,3,199,86.9,11.51,35.3,0.272,7.3,33.5
demo,3,200,88.5,11.29,23.8,0.015,3.38,33.4
demo,3,201,89.8,11.13,24.8,0.017,4.48,33.4
demo,3,202,89.8,11.13,15.1,0.293,4.76,33.3
demo,3,203,87.2,11.47,23.4,0.026,4.77,33.4
demo,3,204,93.8,10.66,21.3,0.055,6.66,33.1
demo,3,205,88.7,11.28,15.0,0.049,6.23,33.2
demo,3,206,87.6,11.42,27.2,0.089,5.74,33.7
demo,3,207,88.4,11.32,15.8,0.075,5.53,32.5
demo,3,208,94.1,10.63,22.7,0.065,5.79,33.3
demo,3,209,89.6,11.16,21.5,0.114,7.36,33.4
demo,3,210,89.8,11.14,23.7,0.015,4.7,33.3
demo,3,211,93.1,10.74,27.6,0.283,5.71,34.2
demo,3,212,89.1,11.22,28.8,0.082,3.84,34.3
demo,3,213,88.4,11.31,27.1,0.081,5.92,33.6
demo,3,214,89.2,11.21,30.1,0.103,4.72,32.2
demo,3,215,89.8,11.14,15.0,0.151,5.57,33.4
demo,3,216,92.7,10.78,23.2,0.157,6.59,33.4
demo,3,217,85.0,11.76,30.9,0.011,6.92,33.1
demo,3,218,88.9,11.25,26.3,0.044,5.9,33.0
demo,3,219,89.4,11.19,26.9,0.096,4.58,33.5
demo,3,220,90.5,11.05,32.6,0.108,5.61,33.6
demo,3,221,89.2,11.21,25.8,0.012,6.9,33.4
demo,3,222,89.4,11.18,23.8,0.07,4.63,33.3
demo,3,223,87.4,11.44,30.8,0.031,6.21,34.5
demo,3,224,91.9,10.88,18.3,0.032,4.81,33.8
demo,3,225,90.0,11.11,22.3,0.123,5.35,33.5
demo,3,226,90.1,11.1,27.8,0.04,4.62,33.7
demo,3,227,88.4,11.32,25.0,0.05,5.41,33.1
demo,3,228,86.2,11.6,15.0,0.005,6.75,33.2
demo,3,229,91.9,10.88,20.7,0.046,7.08,32.6
demo,3,230,89.3,11.2,23.0,0.298,5.45,33.7
demo,3,231,93.4,10.71,22.6,0.081,6.36,33.7
demo,3,232,89.1,11.22,33.4,0.062,4.79,34.6
demo,3,233,88.5,11.31,24.9,0.019,6.79,33.5
demo,3,234,89.5,11.18,16.0,0.042,4.57,34.2
demo,3,235,89.9,11.12,17.4,0.18,6.08,33.1
demo,3,236,85.0,11.76,22.4,0.362,5.49,33.0
demo,3,237,92.0,10.87,39.8,0.084,4.84,33.8
demo,3,238,92.6,10.8,34.1,0.115,5.7,33.2
demo,3,239,89.2,11.21,15.9,0.148,4.81,33.8
demo,3,240,89.9,11.12,28.5,0.192,6.48,34.0
demo,3,241,87.1,11.47,38.1,0.045,5.63,33.3
demo,3,242,89.6,11.16,36.2,0.208,5.17,33.7
demo,3,243,91.7,10.91,30.5,0.359,5.91,33.3
demo,3,244,89.3,11.2,36.3,0.043,4.2,33.0
demo,3,245,90.3,11.08,18.0,0.231,4.55,33.3
demo,3,246,90.1,11.1,28.5,0.267,5.27,33.5
demo,3,247,93.5,10.7,29.0,0.065,4.28,33.8
demo,3,248,93.3,10.72,23.6,0.057,4.97,34.6
demo,3,249,86.6,11.55,19.7,0.053,5.08,34.2
demo,3,250,87.9,11.38,23.1,0.046,4.61,34.2
demo,3,251,85.4,11.7,33.1,0.013,6.71,33.2
demo,3,252,87.2,11.46,26.4,0.018,6.62,33.9
demo,3,253,91.2,10.96,16.4,0.019,4.99,34.4
demo,3,254,90.2,11.09,29.4,0.176,4.65,33.4
demo,3,255,91.6,10.92,21.1,0.008,3.66,34.6
demo,3,256,87.8,11.38,23.3,0.1,4.7,33.2
demo,3,257,88.9,11.25,29.7,0.05,5.97,33.8
demo,3,258,88.9,11.24,22.9,0.094,6.6,33.4
demo,3,259,87.3,11.45,21.3,0.316,4.08,33.6
demo,3,260,87.0,11.5,30.0,0.031,5.41,33.6
demo,3,261,87.1,11.48,26.3,0.064,6.55,33.9
demo,3,262,90.3,11.07,22.2,0.027,4.81,34.7
demo,3,263,89.7,11.15,21.9,0.025,5.05,33.2
demo,3,264,86.6,11.55,28.5,0.02,5.51,33.6
demo,3,265,86.1,11.62,23.0,0.006,6.93,33.6
demo,3,266,90.4,11.06,27.1,0.001,5.45,33.9
demo,3,267,85.0,11.76,22.9,0.044,6.02,34.1
demo,3,268,87.3,11.46,24.6,0.567,7.36,34.0
demo,3,269,91.2,10.96,15.0,0.286,5.02,33.4
demo,3,270,89.8,11.14,22.6,0.006,5.3,33.6
demo,3,271,85.0,11.76,26.9,0.005,6.51,33.3
demo,3,272,86.0,11.62,27.2,0.03,2.86,33.7
demo,3,273,90.8,11.02,21.9,0.066,4.46,34.1
demo,3,274,85.1,11.75,26.8,0.075,6.24,34.2
demo,3,275,91.7,10.91,19.9,0.284,4.53,34.0
demo,3,276,87.6,11.41,26.6,0.206,3.16,34.0
demo,3,277,88.7,11.28,22.2,0.234,5.53,33.6
demo,3,278,88.6,11.28,28.4,0.056,4.43,35.0
demo,3,279,90.4,11.06,25.9,0.011,5.0,33.2
demo,3,280,87.7,11.4,29.1,0.214,7.5,34.2
demo,3,281,91.4,10.94,22.1,0.018,5.44,33.6
demo,3,282,89.8,11.14,28.0,0.073,4.52,34.0
demo,3,283,89.8,11.14,27.6,0.107,6.1,33.9
demo,3,284,89.6,11.16,29.3,0.046,6.78,34.8
demo,3,285,85.8,11.66,20.7,0.052,3.82,34.8
demo,3,286,90.7,11.03,21.0,0.076,5.39,33.6
demo,3,287,89.5,11.17,27.3,0.039,5.55,33.8
demo,3,288,90.1,11.1,15.0,0.159,5.25,34.5
demo,3,289,86.7,11.54,23.9,0.005,5.01,34.0
demo,3,290,89.5,11.18,33.5,0.022,4.25,34.0
demo,3,291,91.6,10.91,23.6,0.062,6.04,33.6
demo,3,292,90.1,11.1,21.1,0.065,6.75,33.9
demo,3,293,90.3,11.07,23.0,0.002,7.3,34.1
demo,3,294,91.6,10.92,28.2,0.129,6.51,34.2
demo,3,295,86.6,11.54,33.5,0.064,6.24,34.2
demo,3,296,87.2,11.47,18.7,0.267,4.34,34.1
demo,3,297,90.0,11.11,28.6,0.023,5.67,34.5
demo,3,298,88.2,11.33,28.7,0.006,3.85,33.9
demo,3,299,90.2,11.08,26.7,0.06,6.17,34.2
demo,3,300,89.0,11.23,34.3,0.098,4.56,34.4
demo,3,301,92.6,10.8,23.4,0.134,6.18,35.0
demo,3,302,88.6,11.29,30.1,0.006,6.06,34.5
demo,3,303,89.5,11.17,23.1,0.173,4.9,34.2
demo,3,304,90.3,11.07,26.6,0.055,4.22,33.0
demo,3,305,91.8,10.89,27.6,0.023,6.8,34.7
demo,3,306,89.5,11.17,30.4,0.048,5.77,33.8
demo,3,307,88.1,11.35,15.0,0.114,3.44,33.6
demo,3,308,87.6,11.42,18.4,0.012,5.68,34.3
demo,3,309,88.2,11.34,20.6,0.079,5.09,34.1
demo,3,310,86.7,11.53,26.2,0.004,7.1,33.3
demo,3,311,88.2,11.34,21.5,0.054,5.64,33.5
demo,3,312,85.6,11.68,25.6,0.01,6.43,34.0
demo,3,313,90.5,11.06,27.9,0.206,4.02,34.7
demo,3,314,89.9,11.12,20.2,0.529,7.39,34.0
demo,3,315,85.0,11.76,24.0,0.053,3.33,34.1
demo,3,316,89.9,11.12,26.8,0.214,5.96,34.0
demo,3,317,86.3,11.59,19.6,0.13,5.35,34.1
demo,3,318,91.6,10.91,20.9,0.04,7.1,34.7
demo,3,319,89.8,11.14,26.4,0.057,5.14,33.7
demo,3,320,92.2,10.85,22.3,0.001,6.7,33.8
demo,3,321,91.2,10.97,29.4,0.167,6.32,34.7
demo,3,322,89.4,11.18,24.8,0.084,4.99,33.7
demo,3,323,89.7,11.14,26.1,0.02,5.42,34.4
demo,3,324,91.8,10.9,19.2,0.04,5.03,34.0
demo,3,325,91.6,10.91,19.4,0.026,6.08,33.4
demo,3,326,91.7,10.9,26.7,0.142,5.07,35.1
demo,3,327,89.3,11.2,29.3,0.463,6.38,33.3
demo,3,328,89.5,11.17,33.7,0.154,4.81,33.9
demo,3,329,89.0,11.24,21.9,0.117,6.68,33.4
demo,3,330,86.9,11.51,32.1,0.111,5.92,34.3
demo,3,331,88.7,11.28,18.5,0.132,6.36,34.5
demo,3,332,87.4,11.44,22.1,0.089,4.81,34.8
demo,3,333,89.4,11.19,22.2,0.036,5.41,34.1
demo,3,334,90.4,11.06,16.6,0.044,6.64,33.6
demo,3,335,89.0,11.23,20.5,0.013,5.12,34.0
demo,3,336,89.1,11.22,22.5,0.062,5.23,33.8
demo,3,337,87.2,11.46,30.2,0.052,5.18,34.1
demo,3,338,88.9,11.25,28.5,0.155,5.87,35.3
demo,3,339,89.2,11.21,21.5,0.017,7.48,33.7
demo,3,340,90.1,11.1,30.2,0.111,5.27,33.8
demo,3,341,88.6,11.28,20.6,0.194,5.08,34.3
demo,3,342,85.0,11.76,20.9,0.062,6.15,34.8
demo,3,343,89.6,11.16,21.8,0.101,5.23,34.1
demo,3,344,88.3,11.33,30.1,0.106,7.46,34.3
demo,3,345,85.1,11.75,24.1,0.045,5.59,34.9
demo,3,346,87.8,11.39,21.9,0.118,4.99,34.7
demo,3,347,87.0,11.49,19.6,0.091,6.77,34.7
demo,3,348,85.0,11.76,25.1,0.057,6.15,34.3
demo,3,349,87.3,11.46,28.3,0.048,7.92,34.8
demo,3,350,91.4,10.94,24.3,0.146,6.87,34.3
demo,3,351,90.3,11.08,28.6,0.313,4.79,33.9
demo,3,352,89.2,11.21,26.9,0.261,5.88,34.1
demo,3,353,88.7,11.27,19.2,0.017,4.27,35.0
demo,3,354,88.1,11.36,21.5,0.019,5.54,34.6
demo,3,355,90.5,11.04,22.7,0.104,6.61,35.1
demo,3,356,92.1,10.86,29.8,0.105,5.75,34.7
demo,3,357,91.3,10.95,21.9,0.074,4.97,34.6
demo,3,358,86.7,11.54,24.4,0.092,4.23,33.8
demo,3,359,89.3,11.2,31.8,0.428,5.11,34.5
demo,3,360,87.8,11.39,42.3,0.067,5.64,34.5
demo,3,361,89.7,11.15,48.4,0.085,5.9,34.0
demo,3,362,86.6,11.55,36.4,0.091,4.29,33.7
demo,3,363,90.2,11.09,29.5,0.046,4.75,35.5
demo,3,364,87.9,11.38,35.3,0.375,6.54,33.9
demo,3,365,87.8,11.39,20.6,0.058,5.51,33.8
demo,3,366,89.0,11.23,19.1,0.109,5.17,34.1
demo,3,367,87.8,11.39,35.4,0.069,5.98,34.3
demo,3,368,86.7,11.54,26.6,0.047,6.03,35.1
demo,3,369,88.1,11.35,20.8,0.028,6.96,34.5
demo,3,370,85.0,11.76,16.0,0.236,7.4,35.4
demo,3,371,89.9,11.12,17.7,0.086,6.07,34.7
demo,3,372,85.0,11.76,35.5,0.02,6.77,34.1
demo,3,373,90.6,11.04,24.4,0.016,7.95,34.5
demo,3,374,90.6,11.04,25.2,0.456,6.14,34.1
demo,3,375,91.3,10.95,21.2,0.052,7.05,34.8
demo,3,376,92.2,10.85,36.2,0.009,6.91,33.4
demo,3,377,90.4,11.06,24.6,0.237,5.31,35.1
demo,3,378,87.1,11.48,32.7,0.026,5.19,34.4
demo,3,379,87.7,11.41,15.0,0.311,6.39,34.4
demo,3,380,87.3,11.46,22.1,0.073,5.46,34.6
demo,3,381,88.1,11.35,17.5,0.04,5.86,35.5
demo,3,382,90.6,11.04,20.4,0.151,5.76,34.8
demo,3,383,85.5,11.7,30.5,0.113,3.37,33.8
demo,3,384,85.0,11.76,35.6,0.045,7.47,35.0
demo,3,385,86.9,11.51,26.6,0.047,6.6,35.0
demo,3,386,88.8,11.27,35.9,0.016,4.92,34.4
demo,3,387,87.1,11.49,27.5,0.121,5.37,35.5
demo,3,388,87.7,11.4,21.0,0.039,5.11,34.8
demo,3,389,89.6,11.17,28.3,0.021,6.72,35.2
demo,3,390,87.1,11.49,28.0,0.017,5.12,34.0
demo,3,391,89.8,11.13,29.1,0.26,4.71,35.1
demo,3,392,89.6,11.16,15.1,0.011,4.4,35.2
demo,3,393,90.6,11.03,27.1,0.019,5.84,35.0
demo,3,394,85.5,11.69,33.3,0.149,5.66,35.9
demo,3,395,88.1,11.35,28.7,0.025,7.38,35.3
demo,3,396,87.3,11.46,15.0,0.321,5.26,34.8
demo,3,397,89.3,11.19,26.1,0.036,6.67,35.1
demo,3,398,89.4,11.19,16.0,0.099,7.09,34.6
demo,3,399,89.0,11.23,26.3,0.163,3.41,34.5
demo,3,400,88.4,11.31,31.4,0.028,4.65,34.7
demo,3,401,86.4,11.58,31.3,0.03,6.34,35.3
demo,3,402,89.4,11.18,28.2,0.091,5.67,35.0
demo,3,403,86.4,11.57,25.4,0.078,6.97,34.6
demo,3,404,88.5,11.29,17.5,0.338,5.95,34.9
demo,3,405,87.4,11.44,27.4,0.128,5.04,34.8
demo,3,406,87.1,11.48,27.2,0.063,6.54,33.7
demo,3,407,90.5,11.05,30.7,0.072,3.48,34.3
demo,3,408,87.7,11.4,29.3,0.03,5.06,35.4
demo,3,409,87.6,11.42,29.5,0.121,5.69,34.5
demo,3,410,90.5,11.05,22.4,0.341,7.11,34.7
demo,3,411,89.0,11.23,34.0,0.002,6.07,34.7
demo,3,412,88.5,11.3,17.4,0.188,6.14,35.2
demo,3,413,88.5,11.31,28.9,0.22,4.09,34.6
demo,3,414,88.1,11.36,28.7,0.07,7.02,34.1
demo,3,415,86.3,11.58,22.8,0.142,5.9,34.5
demo,3,416,87.0,11.49,23.0,0.148,5.15,34.4
demo,3,417,89.6,11.16,17.0,0.108,3.97,34.4
demo,3,418,88.9,11.25,26.6,0.098,7.1,34.3
demo,3,419,89.0,11.23,30.6,0.153,6.29,35.6
demo,3,420,90.6,11.04,20.8,0.023,6.48,35.1
demo,3,421,88.2,11.34,31.6,0.021,6.11,34.6
demo,3,422,89.0,11.23,29.0,0.016,7.82,34.1
demo,3,423,89.8,11.13,29.3,0.344,6.05,34.3
demo,3,424,89.7,11.14,26.7,0.207,5.86,35.0
demo,3,425,87.9,11.38,31.1,0.055,6.59,34.5
demo,3,426,89.3,11.2,25.6,0.029,5.84,34.4
demo,3,427,88.0,11.37,23.2,0.013,5.53,34.7
demo,3,428,90.2,11.09,24.4,0.113,7.35,35.3
demo,3,429,90.0,11.11,26.5,0.077,6.47,34.7
demo,3,430,90.1,11.09,25.5,0.004,6.43,34.8
demo,3,431,92.2,10.84,29.2,0.204,6.46,35.5
demo,3,432,88.1,11.35,19.4,0.049,5.32,35.1
demo,3,433,85.1,11.75,22.4,0.087,5.12,35.2
demo,3,434,89.8,11.14,21.7,0.01,5.48,34.9
demo,3,435,91.0,10.99,19.9,0.009,5.37,34.8
demo,3,436,85.5,11.7,30.7,0.181,4.96,35.6
demo,3,437,88.5,11.3,25.2,0.01,5.52,34.0
demo,3,438,94.5,10.58,24.3,0.036,7.06,35.6
demo,3,439,86.5,11.56,26.0,0.065,5.74,33.8
demo,3,440,88.3,11.33,29.1,0.001,7.16,34.8
demo,3,441,88.5,11.3,32.6,0.029,8.32,34.3
demo,3,442,88.2,11.34,34.7,0.044,5.86,35.6
demo,3,443,88.3,11.32,25.8,0.007,5.61,35.0
demo,3,444,86.9,11.51,18.6,0.135,5.4,35.0
demo,3,445,85.7,11.67,33.8,0.255,7.76,35.0
demo,3,446,89.7,11.15,21.2,0.128,7.8,34.7
demo,3,447,88.0,11.37,20.8,0.285,6.18,35.0
demo,3,448,88.5,11.3,24.0,0.087,6.39,35.0
demo,3,449,86.2,11.6,29.3,0.232,7.19,34.8
demo,3,450,90.4,11.06,23.3,0.101,6.29,34.5
demo,3,451,87.6,11.42,18.6,0.019,4.47,36.4
demo,3,452,85.1,11.76,25.0,0.116,4.95,35.7
demo,3,453,88.9,11.24,29.2,0.125,6.12,35.1
demo,3,454,87.7,11.4,20.5,0.108,6.82,35.2
demo,3,455,87.9,11.38,19.5,0.01,5.77,35.0
demo,3,456,88.4,11.31,29.7,0.19,5.24,34.3
demo,3,457,87.4,11.44,31.2,0.023,5.58,35.8
demo,3,458,90.1,11.1,30.7,0.015,6.34,34.8
demo,3,459,86.7,11.53,32.2,0.008,4.93,35.0
demo,3,460,89.6,11.16,25.7,0.042,4.87,35.4
demo,3,461,86.4,11.57,26.5,0.0,6.02,35.4
demo,3,462,87.8,11.38,27.8,0.04,7.52,34.7
demo,3,463,89.8,11.14,25.6,0.003,4.93,35.7
demo,3,464,88.3,11.32,18.3,0.07,5.61,34.9
demo,3,465,85.0,11.76,16.8,0.038,6.12,35.1
demo,3,466,87.3,11.46,26.0,0.013,6.15,35.5
demo,3,467,87.0,11.49,24.6,0.021,4.97,35.0
demo,3,468,87.9,11.38,18.8,0.042,3.46,34.6
demo,3,469,89.3,11.2,25.9,0.011,7.52,35.1
demo,3,470,89.3,11.19,22.6,0.258,5.13,35.3
demo,3,471,88.5,11.29,26.0,0.139,5.57,34.9
demo,3,472,85.1,11.75,27.6,0.108,5.07,35.3
demo,3,473,89.4,11.19,26.1,0.018,4.25,35.7
demo,3,474,85.0,11.76,23.3,0.044,5.96,36.3
demo,3,475,89.7,11.15,15.0,0.048,5.39,34.1
demo,3,476,86.6,11.54,22.1,0.081,5.73,35.3
demo,3,477,89.6,11.16,25.8,0.059,6.64,34.5
demo,3,478,91.1,10.98,17.9,0.036,4.5,35.6
demo,3,479,90.1,11.1,30.8,0.082,5.75,35.1
demo,3,480,89.4,11.19,26.8,0.256,7.78,35.3
demo,3,481,87.6,11.42,41.5,0.031,5.03,34.9
demo,3,482,87.5,11.43,35.4,0.061,4.93,35.3
demo,3,483,89.3,11.19,28.6,0.048,6.42,35.4
demo,3,484,87.7,11.41,20.9,0.046,5.3,35.2
demo,3,485,88.9,11.25,33.9,0.177,6.45,35.1
demo,3,486,89.4,11.18,27.8,0.085,6.55,34.7
demo,3,487,85.0,11.76,26.6,0.115,6.45,34.3
demo,3,488,89.9,11.13,23.1,0.004,7.48,35.0
demo,3,489,89.3,11.2,24.5,0.004,6.73,35.9
demo,3,490,88.3,11.33,16.7,0.014,5.64,35.7
demo,3,491,86.1,11.62,27.0,0.023,5.99,34.6
demo,3,492,85.6,11.68,24.9,0.132,4.86,35.0
demo,3,493,89.6,11.17,15.5,0.13,8.7,34.3
demo,3,494,88.6,11.29,27.4,0.002,8.19,35.6
demo,3,495,88.4,11.31,27.5,0.161,4.3,34.9
demo,3,496,85.9,11.65,24.4,0.044,5.71,35.2
demo,3,497,90.5,11.05,28.5,0.068,5.45,34.6
demo,3,498,89.7,11.15,24.5,0.082,5.89,35.1
demo,3,499,89.0,11.23,24.6,0.091,7.39,35.8
demo,3,500,89.4,11.19,31.4,0.027,6.38,35.6
demo,3,501,89.1,11.23,27.3,0.302,5.99,34.7
demo,3,502,85.0,11.76,29.2,0.183,6.79,35.8
demo,3,503,88.8,11.26,33.3,0.038,7.2,35.5
demo,3,504,85.2,11.74,26.2,0.041,6.32,35.3
demo,3,505,89.2,11.21,24.9,0.05,5.22,35.4
demo,3,506,87.2,11.47,23.7,0.196,6.87,35.5
demo,3,507,92.5,10.81,25.8,0.086,7.22,35.4
demo,3,508,90.3,11.07,27.7,0.154,6.55,34.8
demo,3,509,88.8,11.26,18.4,0.113,7.21,35.2
demo,3,510,89.0,11.23,28.5,0.227,5.41,35.3
demo,3,511,89.9,11.13,30.3,0.042,6.47,35.3
demo,3,512,87.9,11.38,24.8,0.136,7.24,35.0
demo,3,513,88.7,11.28,34.2,0.15,4.37,35.7
demo,3,514,89.2,11.21,32.8,0.001,6.13,35.9
demo,3,515,88.9,11.25,15.0,0.054,6.98,35.4
demo,3,516,87.3,11.45,26.5,0.094,6.71,35.8
demo,3,517,85.6,11.68,17.7,0.129,8.83,35.4
demo,3,518,89.9,11.12,28.6,0.032,5.58,35.1
demo,3,519,85.0,11.76,25.5,0.084,6.05,35.1
demo,3,520,89.2,11.21,15.0,0.055,6.56,35.3
demo,3,521,89.1,11.22,20.1,0.259,7.09,35.5
demo,3,522,88.0,11.36,19.6,0.061,6.02,35.4
demo,3,523,90.9,11.0,19.4,0.279,5.79,35.2
demo,3,524,85.0,11.76,15.0,0.149,5.61,35.5
demo,3,525,89.3,11.2,26.7,0.072,4.87,35.6
demo,3,526,86.7,11.54,21.3,0.056,6.09,35.9
demo,3,527,86.8,11.52,21.0,0.048,5.06,36.5
demo,3,528,90.4,11.06,15.0,0.028,5.7,35.4
demo,3,529,90.3,11.08,21.5,0.126,7.11,35.7
demo,3,530,89.2,11.21,23.3,0.051,4.49,34.7
demo,3,531,87.2,11.46,20.6,0.038,5.68,36.0
demo,3,532,88.7,11.28,20.7,0.568,5.29,35.1
demo,3,533,85.0,11.76,25.3,0.269,5.2,34.7
demo,3,534,88.8,11.26,23.6,0.246,7.88,35.1
demo,3,535,87.5,11.42,18.9,0.1,4.51,34.9
demo,3,536,88.7,11.27,33.7,0.031,7.23,36.1
demo,3,537,89.3,11.2,19.4,0.226,5.27,36.4
demo,3,538,90.6,11.04,21.1,0.135,4.53,36.0
demo,3,539,88.2,11.34,28.9,0.156,5.45,35.0
demo,3,540,85.0,11.76,34.9,0.139,5.16,35.2
demo,3,541,88.2,11.34,28.8,0.011,6.53,35.0
demo,3,542,89.8,11.13,24.0,0.141,5.99,35.6
demo,3,543,87.7,11.41,30.1,0.268,8.03,35.6
demo,3,544,88.1,11.35,24.2,0.041,5.25,35.5
demo,3,545,87.3,11.45,23.2,0.04,5.81,36.0
demo,3,546,87.2,11.47,26.1,0.089,6.51,35.6
demo,3,547,87.6,11.41,30.9,0.149,6.37,35.0
demo,3,548,87.5,11.43,22.0,0.026,6.01,36.6
demo,3,549,88.1,11.35,33.3,0.009,6.83,35.9
demo,3,550,88.2,11.33,29.4,0.14,5.46,35.9
demo,3,551,87.4,11.45,15.1,0.616,7.76,35.4
demo,3,552,86.0,11.63,28.2,0.006,7.94,35.9
demo,3,553,87.4,11.44,29.2,0.117,5.53,35.8
demo,3,554,90.6,11.04,21.4,0.019,4.56,36.1
demo,3,555,89.1,11.23,27.9,0.149,4.29,35.8
demo,3,556,86.9,11.5,27.5,0.034,6.66,35.2
demo,3,557,90.0,11.11,31.6,0.054,3.53,35.8
demo,3,558,85.4,11.71,26.9,0.014,4.72,35.5
demo,3,559,88.7,11.27,23.6,0.076,8.08,35.6
demo,3,560,88.5,11.3,30.9,0.016,5.96,34.8
demo,3,561,85.8,11.65,29.0,0.077,5.6,36.7
demo,3,562,88.8,11.26,24.9,0.008,7.79,36.4
demo,3,563,85.8,11.65,24.7,0.019,7.31,36.4
demo,3,564,85.3,11.72,27.1,0.056,6.49,36.7
demo,3,565,86.9,11.5,28.4,0.096,3.02,35.9
demo,3,566,90.2,11.09,23.4,0.048,6.03,35.5
demo,3,567,86.1,11.61,28.3,0.104,5.03,36.2
demo,3,568,91.1,10.98,29.4,0.063,7.26,35.0
demo,3,569,87.8,11.4,26.8,0.05,5.34,35.8
demo,3,570,85.0,11.76,28.0,0.013,6.01,35.8
demo,3,571,86.1,11.61,23.9,0.002,6.34,35.1
demo,3,572,87.8,11.4,16.0,0.057,7.06,35.3
demo,3,573,89.2,11.2,30.8,0.069,5.88,34.2
demo,3,574,85.0,11.76,19.0,0.069,8.07,36.0
demo,3,575,86.2,11.6,32.3,0.053,6.79,34.7
demo,3,576,89.7,11.14,24.4,0.119,6.45,36.1
demo,3,577,88.0,11.37,26.4,0.331,6.44,35.9
demo,3,578,85.1,11.74,23.0,0.074,4.81,36.4
demo,3,579,87.2,11.46,27.9,0.04,4.83,35.0
demo,3,580,88.3,11.33,23.2,0.045,6.34,36.8
demo,3,581,88.6,11.29,15.0,0.039,5.39,36.0
demo,3,582,85.0,11.76,28.9,0.002,8.31,36.6
demo,3,583,86.4,11.58,24.4,0.224,5.26,36.0
demo,3,584,86.0,11.63,43.9,0.006,7.4,36.1
demo,3,585,86.3,11.59,28.2,0.198,6.61,35.8
demo,3,586,87.8,11.4,21.1,0.091,6.97,35.5
demo,3,587,87.6,11.42,25.1,0.094,4.76,35.9
demo,3,588,88.5,11.3,15.9,0.038,7.32,35.7
demo,3,589,85.0,11.76,24.8,0.279,3.06,36.4
demo,3,590,85.5,11.7,29.3,0.039,6.38,36.2
demo,3,591,86.7,11.53,28.9,0.078,6.22,35.3
demo,3,592,85.6,11.68,23.2,0.219,6.21,36.0
demo,3,593,88.8,11.27,26.9,0.121,5.31,35.2
demo,3,594,85.0,11.76,26.2,0.159,6.4,36.0
demo,3,595,89.2,11.21,29.5,0.045,8.23,36.3
demo,3,596,90.7,11.03,29.4,0.009,5.3,35.0
demo,3,597,86.3,11.58,22.3,0.015,6.08,34.8
demo,3,598,89.3,11.2,29.5,0.019,6.88,37.2
demo,3,599,89.9,11.12,26.2,0.017,5.33,36.5
demo,3,600,89.1,11.22,32.4,0.024,4.3,36.4
demo,3,601,88.5,11.3,27.8,0.124,4.3,35.9
demo,3,602,86.9,11.51,34.1,0.205,5.71,36.5
demo,3,603,85.0,11.76,36.0,0.305,5.41,35.9
demo,3,604,86.2,11.61,43.7,0.16,4.04,35.8
demo,3,605,89.9,11.12,26.8,0.173,6.38,34.8
demo,3,606,86.2,11.6,22.5,0.066,2.32,36.1
demo,3,607,88.8,11.27,20.1,0.565,5.45,36.2
demo,3,608,87.8,11.38,15.0,0.074,4.04,36.2
demo,3,609,87.0,11.5,28.9,0.119,6.01,35.8
demo,3,610,89.8,11.13,25.7,0.144,4.83,36.5
demo,3,611,87.4,11.44,30.9,0.04,5.76,35.9
demo,3,612,90.4,11.06,23.2,0.027,5.63,35.9
demo,3,613,88.1,11.36,29.7,0.21,4.94,36.0
demo,3,614,85.2,11.73,23.9,0.131,3.96,36.0
demo,3,615,91.8,10.9,26.8,0.026,4.58,36.1
demo,3,616,86.9,11.51,20.9,0.042,5.48,36.1
demo,3,617,88.4,11.31,21.2,0.039,6.23,35.5
demo,3,618,85.0,11.76,28.1,0.016,4.76,36.3
demo,3,619,86.6,11.55,21.6,0.168,3.56,36.3
demo,3,620,88.9,11.25,21.2,0.124,4.89,35.9
demo,3,621,89.3,11.2,25.4,0.241,3.24,37.0
demo,3,622,86.6,11.54,23.0,0.244,6.94,36.9
demo,3,623,88.6,11.29,16.4,0.102,6.8,35.4
demo,3,624,85.4,11.7,23.7,0.063,5.68,35.5
demo,3,625,87.6,11.41,31.9,0.053,5.12,37.1
demo,3,626,89.1,11.22,21.8,0.009,5.18,36.2
demo,3,627,86.2,11.6,34.4,0.137,4.43,37.0
demo,3,628,89.8,11.14,34.4,0.055,5.18,36.1
demo,3,629,87.0,11.49,29.3,0.014,4.49,37.2
demo,3,630,91.3,10.95,25.0,0.084,5.97,35.8
demo,3,631,87.5,11.43,31.9,0.306,5.13,36.5
demo,3,632,85.3,11.73,27.1,0.119,4.71,35.6
demo,3,633,89.8,11.14,23.0,0.008,4.35,35.9
demo,3,634,86.2,11.6,30.5,0.163,3.76,36.8
demo,3,635,90.2,11.09,28.6,0.026,6.1,36.2
demo,3,636,88.9,11.25,18.6,0.03,3.71,35.5
demo,3,637,88.8,11.26,29.4,0.291,6.16,36.6
demo,3,638,85.0,11.76,21.0,0.061,6.44,36.1
demo,3,639,85.6,11.69,28.1,0.359,3.49,36.3
demo,3,640,86.5,11.57,21.8,0.123,6.31,35.7
demo,3,641,90.5,11.05,25.8,0.011,4.93,36.0
demo,3,642,85.3,11.72,24.8,0.202,4.38,36.8
demo,3,643,90.8,11.01,22.1,0.005,4.36,35.7
demo,3,644,86.8,11.53,30.3,0.14,4.78,36.5
demo,3,645,89.5,11.17,27.6,0.055,5.35,36.3
demo,3,646,85.9,11.64,30.9,0.176,6.03,35.8
demo,3,647,85.6,11.68,27.5,0.028,3.52,36.4
demo,3,648,86.7,11.53,31.1,0.179,4.68,36.0
demo,3,649,85.0,11.76,21.7,0.296,5.39,37.7
demo,3,650,87.7,11.4,25.3,0.074,4.18,36.1
demo,3,651,85.0,11.76,20.3,0.173,4.41,36.8
demo,3,652,85.9,11.64,18.9,0.185,5.85,36.0
demo,3,653,86.2,11.6,22.5,0.18,5.76,36.6
demo,3,654,89.3,11.2,25.2,0.039,4.31,36.9
demo,3,655,87.8,11.39,29.9,0.004,6.63,36.7
demo,3,656,85.1,11.75,22.1,0.077,6.05,35.9
demo,3,657,85.7,11.67,24.3,0.0,5.82,36.9
demo,3,658,87.6,11.42,37.4,0.048,5.51,36.1
demo,3,659,86.8,11.52,27.7,0.094,5.75,35.8
demo,3,660,86.2,11.6,31.3,0.162,4.4,36.4
demo,3,661,86.5,11.55,22.7,0.007,5.31,36.9
demo,3,662,85.8,11.66,23.7,0.293,5.37,35.8
demo,3,663,85.9,11.65,28.4,0.194,6.41,36.3
demo,3,664,85.0,11.76,22.6,0.41,3.94,36.4
demo,3,665,87.5,11.43,20.7,0.054,4.83,37.1
demo,3,666,90.8,11.02,15.0,0.087,5.94,36.6
demo,3,667,90.0,11.11,19.6,0.045,3.82,36.7
demo,3,668,87.8,11.39,28.9,0.253,4.76,36.0
demo,3,669,87.2,11.47,30.8,0.098,4.32,37.1
demo,3,670,87.7,11.4,26.2,0.055,5.0,37.3
demo,3,671,88.7,11.27,17.9,0.129,5.17,37.7
demo,3,672,85.1,11.76,27.6,0.158,3.46,36.7
demo,3,673,89.9,11.12,28.9,0.077,4.56,36.5
demo,3,674,87.1,11.48,29.0,0.063,6.23,35.7
demo,3,675,89.1,11.22,23.3,0.005,4.54,36.1
demo,3,676,89.3,11.2,18.9,0.025,5.42,36.5
demo,3,677,85.2,11.74,25.4,0.113,6.59,37.2
demo,3,678,87.7,11.4,19.2,0.049,2.48,36.4
demo,3,679,85.7,11.67,23.3,0.222,4.04,36.5
demo,3,680,85.7,11.67,23.6,0.022,4.53,36.7
demo,3,681,90.0,11.12,18.7,0.042,5.11,37.1
demo,3,682,86.5,11.56,29.5,0.041,5.86,37.3
demo,3,683,88.7,11.27,24.5,0.003,3.6,36.9
demo,3,684,86.5,11.56,15.0,0.007,4.65,37.0
demo,3,685,90.0,11.11,22.4,0.029,5.68,36.0
demo,3,686,85.0,11.76,33.6,0.037,5.14,36.3
demo,3,687,88.1,11.35,28.3,0.013,5.17,36.9
demo,3,688,88.4,11.32,17.5,0.054,3.81,36.3
demo,3,689,87.8,11.39,28.7,0.006,6.58,36.8
demo,3,690,85.9,11.65,38.8,0.005,6.57,36.4
demo,3,691,90.1,11.1,21.7,0.014,6.61,36.7
demo,3,692,89.9,11.12,34.5,0.114,3.78,37.2
demo,3,693,85.5,11.7,28.1,0.094,5.85,37.2
demo,3,694,90.9,11.0,24.9,0.174,4.04,36.5
demo,3,695,85.0,11.76,23.4,0.047,5.24,37.2
demo,3,696,89.6,11.16,25.6,0.067,5.45,36.5
demo,3,697,85.0,11.76,27.7,0.353,4.75,37.1
demo,3,698,90.4,11.06,20.8,0.002,4.93,36.0
demo,3,699,90.1,11.1,29.6,0.1,4.25,36.5
demo,3,700,85.1,11.75,15.0,0.069,6.12,36.2
demo,3,701,90.4,11.06,29.4,0.092,4.91,36.2
demo,3,702,87.2,11.46,26.0,0.202,4.54,36.5
demo,3,703,87.1,11.48,24.1,0.182,5.04,36.5
demo,3,704,90.3,11.07,31.3,0.047,4.31,36.5
demo,3,705,87.9,11.38,16.7,0.018,5.49,37.6
demo,3,706,86.0,11.63,19.9,0.34,4.5,36.4
demo,3,707,87.0,11.5,32.8,0.034,5.04,36.8
demo,3,708,85.6,11.68,23.4,0.052,2.75,35.9
demo,3,709,88.0,11.36,31.3,0.038,5.39,37.4
demo,3,710,88.1,11.35,24.3,0.187,4.41,37.2
demo,3,711,87.9,11.38,20.4,0.237,4.94,37.5
demo,3,712,89.1,11.22,25.4,0.08,3.63,36.3
demo,3,713,87.4,11.44,22.6,0.052,5.08,37.4
demo,3,714,86.5,11.57,29.8,0.316,5.77,37.1
demo,3,715,87.3,11.45,15.0,0.06,5.65,35.7
demo,3,716,86.3,11.59,24.7,0.03,4.91,37.5
demo,3,717,88.3,11.32,25.6,0.405,4.28,36.5
demo,3,718,85.9,11.64,15.0,0.226,5.74,36.8
demo,3,719,90.6,11.04,26.3,0.242,5.53,37.4
demo,3,720,85.9,11.65,33.3,0.139,4.57,36.3
demo,3,721,88.0,11.37,37.4,0.496,4.51,35.7
demo,3,722,87.9,11.38,43.6,0.006,4.57,36.4
demo,3,723,88.1,11.35,37.0,0.205,3.7,37.3
demo,3,724,89.0,11.23,47.2,0.046,6.87,37.3
demo,3,725,87.4,11.44,18.5,0.238,4.92,37.9
demo,3,726,86.9,11.51,31.6,0.082,4.45,35.9
demo,3,727,86.9,11.51,17.7,0.259,7.64,37.0
demo,3,728,88.5,11.29,17.0,0.502,6.28,36.6
demo,3,729,85.0,11.76,18.9,0.143,4.76,36.9
demo,3,730,86.5,11.56,28.5,0.583,5.89,36.1
demo,3,731,87.6,11.41,28.3,0.004,5.57,35.7
demo,3,732,89.2,11.21,24.5,0.117,3.54,37.1
demo,3,733,87.1,11.48,25.2,0.108,4.53,36.9
demo,3,734,86.9,11.51,25.2,0.039,5.68,37.4
demo,3,735,85.0,11.76,25.0,0.214,5.5,36.8
demo,3,736,89.5,11.18,23.3,0.111,4.47,36.9
demo,3,737,85.0,11.76,23.7,0.079,6.0,37.1
demo,3,738,85.6,11.68,34.6,0.012,5.2,37.5
demo,3,739,89.1,11.22,17.6,0.285,4.24,37.3
demo,3,740,88.3,11.33,23.8,0.218,5.18,37.5
demo,3,741,90.7,11.02,32.0,0.002,5.0,36.5
demo,3,742,89.4,11.19,27.5,0.14,6.31,36.5
demo,3,743,89.0,11.23,21.5,0.37,5.64,38.1
demo,3,744,86.9,11.5,26.8,0.041,5.37,37.0
demo,3,745,88.5,11.3,23.9,0.126,7.6,36.8
demo,3,746,88.2,11.34,25.0,0.118,5.08,36.5
demo,3,747,85.0,11.76,20.0,0.253,4.92,37.1
demo,3,748,87.6,11.42,25.6,0.008,6.58,36.9
demo,3,749,91.2,10.96,19.1,0.173,4.83,36.0
demo,3,750,90.0,11.11,23.1,0.066,3.95,36.4
demo,3,751,90.4,11.06,21.9,0.099,4.55,37.2
demo,3,752,86.9,11.51,27.3,0.125,5.44,37.2
demo,3,753,87.9,11.38,32.4,0.03,4.19,37.6
demo,3,754,86.3,11.58,27.6,0.001,4.7,36.3
demo,3,755,87.2,11.46,21.1,0.123,5.55,37.1
demo,3,756,86.0,11.63,31.9,0.14,5.51,36.3
demo,3,757,91.9,10.88,32.3,0.322,6.49,37.1
demo,3,758,85.9,11.64,15.7,0.064,3.86,37.8
demo,3,759,90.7,11.03,18.0,0.038,4.33,37.2
demo,3,760,87.0,11.49,24.5,0.002,4.09,37.0
demo,3,761,85.8,11.65,27.4,0.04,5.22,37.6
demo,3,762,89.5,11.17,31.0,0.022,3.91,38.2
demo,3,763,86.5,11.57,23.1,0.054,4.64,37.2
demo,3,764,87.9,11.38,20.7,0.074,4.09,36.8
demo,3,765,87.5,11.42,31.7,0.033,4.08,38.0
demo,3,766,87.3,11.46,17.1,0.16,5.61,37.7
demo,3,767,85.9,11.64,28.4,0.296,5.3,37.0
demo,3,768,89.7,11.15,29.9,0.019,5.66,37.2
demo,3,769,85.0,11.76,33.1,0.05,6.27,36.6
demo,3,770,87.5,11.43,27.4,0.114,3.82,38.0
demo,3,771,88.2,11.34,22.0,0.097,4.86,36.2
demo,3,772,87.9,11.37,23.3,0.088,5.98,37.1
demo,3,773,87.0,11.49,25.4,0.053,4.5,36.9
demo,3,774,85.1,11.75,19.5,0.018,5.35,37.4
demo,3,775,86.7,11.53,19.9,0.064,6.68,37.3
demo,3,776,87.6,11.41,23.8,0.142,5.59,37.2
demo,3,777,86.5,11.56,26.2,0.024,5.62,36.9
demo,3,778,85.5,11.69,27.7,0.003,3.6,37.6
demo,3,779,88.2,11.33,20.6,0.115,4.97,37.6
demo,3,780,88.3,11.33,27.2,0.113,5.22,37.4
demo,3,781,85.5,11.69,20.6,0.135,6.01,37.6
demo,3,782,88.3,11.33,20.0,0.001,3.75,37.0
demo,3,783,89.2,11.21,28.3,0.283,4.9,37.0
demo,3,784,87.9,11.37,22.4,0.001,4.3,37.1
demo,3,785,86.6,11.54,18.2,0.072,5.99,37.1
demo,3,786,86.5,11.56,29.8,0.12,4.88,37.3
demo,3,787,87.9,11.37,18.1,0.1,7.13,37.8
demo,3,788,87.1,11.48,22.8,0.09,4.76,37.7
demo,3,789,85.1,11.75,30.4,0.035,5.59,37.4
demo,3,790,85.5,11.7,23.9,0.03,5.57,36.8
demo,3,791,85.9,11.64,21.9,0.04,3.87,36.3
demo,3,792,87.2,11.46,15.0,0.168,5.92,37.3
demo,3,793,86.9,11.51,30.2,0.454,6.92,38.0
demo,3,794,85.5,11.7,28.8,0.018,6.61,37.1
demo,3,795,85.5,11.7,26.6,0.12,5.89,37.3
demo,3,796,87.1,11.49,29.6,0.236,4.89,37.7
demo,3,797,85.0,11.76,35.7,0.116,4.02,37.4
demo,3,798,88.6,11.29,35.4,0.088,4.01,37.4
demo,3,799,89.3,11.19,28.0,0.278,4.71,36.9
demo,3,800,87.9,11.38,21.6,0.052,6.06,36.7
demo,3,801,85.1,11.75,15.0,0.079,6.11,37.9
demo,3,802,87.5,11.43,15.7,0.183,6.23,37.7
demo,3,803,85.4,11.7,28.1,0.019,5.12,37.4
demo,3,804,90.2,11.09,35.5,0.049,5.52,37.5
demo,3,805,87.6,11.41,23.6,0.1,5.66,38.3
demo,3,806,86.1,11.62,26.3,0.075,6.08,37.3
demo,3,807,88.0,11.36,23.5,0.132,6.86,37.5
demo,3,808,86.8,11.52,17.8,0.094,4.86,36.9
demo,3,809,85.7,11.67,15.0,0.253,5.37,37.9
demo,3,810,85.0,11.76,19.4,0.031,5.62,36.9
demo,3,811,85.8,11.65,21.2,0.121,4.72,39.2
demo,3,812,88.1,11.36,23.6,0.009,6.37,37.6
demo,3,813,88.1,11.35,26.7,0.109,6.28,37.9
demo,3,814,89.2,11.21,28.5,0.086,5.21,37.4
demo,3,815,86.9,11.51,22.4,0.003,5.62,37.2
demo,3,816,87.1,11.49,27.6,0.071,4.59,36.7
demo,3,817,86.5,11.56,26.2,0.225,5.6,37.8
demo,3,818,87.6,11.42,21.3,0.151,6.52,37.6
demo,3,819,86.6,11.54,21.1,0.175,5.98,37.3
demo,3,820,89.0,11.23,31.2,0.045,4.34,37.2
demo,3,821,91.7,10.9,23.1,0.013,5.63,37.0
demo,3,822,87.3,11.46,21.3,0.19,5.1,37.2
demo,3,823,87.0,11.49,31.7,0.13,6.59,37.5
demo,3,824,87.8,11.39,29.0,0.17,5.94,36.5
demo,3,825,88.5,11.3,17.0,0.058,4.81,37.3
demo,3,826,88.6,11.29,22.8,0.048,6.0,37.0
demo,3,827,86.5,11.56,26.6,0.094,5.32,36.8
demo,3,828,86.5,11.56,26.2,0.002,5.61,37.5
demo,3,829,87.4,11.45,15.0,0.085,4.3,37.8
demo,3,830,85.0,11.76,25.9,0.002,6.73,36.9
demo,3,831,87.5,11.43,22.0,0.094,7.45,37.9
demo,3,832,87.7,11.41,28.2,0.008,5.42,37.1
demo,3,833,85.0,11.76,27.6,0.009,5.8,37.8
demo,3,834,85.0,11.76,18.2,0.005,5.12,37.7
demo,3,835,89.1,11.22,19.3,0.176,5.54,38.1
demo,3,836,88.6,11.28,29.5,0.011,5.34,37.4
demo,3,837,87.8,11.39,25.4,0.027,3.96,37.6
demo,3,838,86.0,11.62,26.1,0.111,6.1,37.4
demo,3,839,87.2,11.47,23.6,0.347,4.82,37.8
demo,3,840,85.0,11.76,38.1,0.006,6.14,37.4
demo,3,841,85.0,11.76,44.3,0.043,7.0,37.5
demo,3,842,87.1,11.48,39.8,0.108,4.78,37.7
demo,3,843,87.4,11.44,41.8,0.033,4.26,37.4
demo,3,844,86.9,11.51,45.3,0.043,4.87,37.8
demo,3,845,87.3,11.45,23.3,0.2,4.98,38.3
demo,3,846,85.6,11.69,28.1,0.034,5.09,39.0
demo,3,847,89.3,11.2,20.0,0.146,5.64,36.4
demo,3,848,88.2,11.34,26.2,0.123,5.78,37.7
demo,3,849,87.7,11.4,15.0,0.107,5.15,37.5
demo,3,850,88.9,11.25,15.0,0.035,5.36,38.5
demo,3,851,87.5,11.42,22.4,0.002,5.96,37.9
demo,3,852,86.5,11.57,22.1,0.311,3.12,38.2
demo,3,853,85.0,11.76,22.6,0.068,5.07,38.6
demo,3,854,86.8,11.52,23.5,0.413,5.61,37.7
demo,3,855,86.7,11.54,35.4,0.077,4.85,38.5
demo,3,856,85.3,11.73,26.8,0.031,5.55,37.8
demo,3,857,87.6,11.41,33.7,0.056,6.52,37.7
demo,3,858,86.0,11.63,22.5,0.001,4.38,37.8
demo,3,859,86.0,11.62,20.6,0.09,4.97,37.6
demo,3,860,85.0,11.76,19.1,0.074,6.3,37.3
demo,3,861,85.0,11.76,20.0,0.798,4.72,38.6
demo,3,862,86.3,11.59,15.0,0.054,6.81,38.2
demo,3,863,85.3,11.72,23.8,0.11,5.57,37.4
demo,3,864,85.0,11.76,29.4,0.136,7.31,37.9
demo,3,865,85.2,11.73,26.7,0.261,5.8,37.8
demo,3,866,85.0,11.76,25.1,0.064,4.31,37.6
demo,3,867,90.4,11.06,24.6,0.008,6.58,38.1
demo,3,868,91.5,10.92,31.0,0.256,5.9,38.8
demo,3,869,85.2,11.74,28.8,0.02,6.78,38.2
demo,3,870,85.0,11.76,26.2,0.197,5.03,37.1
demo,3,871,88.9,11.25,21.3,0.159,4.02,38.1
demo,3,872,85.7,11.67,33.9,0.131,5.71,37.2
demo,3,873,86.4,11.58,24.1,0.008,4.57,38.3
demo,3,874,85.0,11.76,24.3,0.126,6.3,37.8
demo,3,875,85.0,11.76,26.1,0.188,4.87,38.4
demo,3,876,86.9,11.51,28.7,0.097,7.47,38.0
demo,3,877,88.7,11.27,25.8,0.019,5.81,38.1
demo,3,878,86.5,11.57,21.2,0.027,6.05,37.8
demo,3,879,87.7,11.4,19.5,0.094,6.38,38.0
demo,3,880,85.5,11.7,21.3,0.306,5.24,38.8
demo,3,881,85.0,11.76,17.2,0.253,5.36,38.3
demo,3,882,90.1,11.1,22.1,0.109,3.77,37.3
demo,3,883,85.3,11.72,34.6,0.135,4.99,38.5
demo,3,884,89.5,11.18,24.4,0.099,5.18,38.0
demo,3,885,88.4,11.32,28.1,0.004,6.61,36.9
demo,3,886,86.1,11.61,31.9,0.322,4.71,37.7
demo,3,887,85.0,11.76,21.9,0.01,8.24,38.9
demo,3,888,86.9,11.51,22.0,0.114,7.41,37.7
demo,3,889,85.0,11.76,33.0,0.101,5.02,38.8
demo,3,890,85.3,11.72,27.2,0.018,4.01,38.0
demo,3,891,88.2,11.34,21.6,0.253,7.45,37.2
demo,3,892,85.0,11.76,21.3,0.025,6.55,38.4
demo,3,893,85.3,11.72,22.5,0.197,5.21,38.4
demo,3,894,85.0,11.76,15.0,0.189,5.28,38.2
demo,3,895,91.1,10.97,19.3,0.098,6.45,37.9
demo,3,896,92.6,10.8,15.0,0.054,6.98,38.3
demo,3,897,85.8,11.65,32.9,0.094,4.63,38.5
demo,3,898,87.4,11.44,21.7,0.009,5.43,39.1
demo,3,899,87.2,11.46,22.9,0.266,6.97,37.9
demo,3,900,86.0,11.62,28.3,0.329,5.99,38.4
demo,3,901,88.0,11.36,24.6,0.328,3.08,38.0
demo,3,902,85.0,11.76,18.9,0.043,4.94,38.2
demo,3,903,85.0,11.76,25.1,0.035,5.92,37.9
demo,3,904,86.5,11.56,26.0,0.034,6.11,39.1
demo,3,905,85.2,11.74,32.5,0.085,7.53,38.0
demo,3,906,85.0,11.76,23.6,0.067,5.72,37.5
demo,3,907,86.0,11.62,15.5,0.067,6.23,38.7
demo,3,908,85.9,11.65,24.3,0.201,5.33,38.3
demo,3,909,87.3,11.46,18.8,0.057,5.84,38.3
demo,3,910,85.2,11.74,22.1,0.026,4.86,37.7
demo,3,911,87.2,11.47,32.8,0.034,5.1,38.2
demo,3,912,85.0,11.76,21.3,0.086,8.21,37.7
demo,3,913,85.8,11.66,27.7,0.289,6.48,37.7
demo,3,914,86.9,11.51,22.4,0.043,6.01,38.3
demo,3,915,85.0,11.76,24.0,0.045,6.01,37.6
demo,3,916,85.5,11.69,27.5,0.17,5.43,38.6
demo,3,917,87.9,11.38,25.8,0.172,7.17,38.6
demo,3,918,85.6,11.69,31.5,0.011,6.08,37.5
demo,3,919,87.1,11.48,35.2,0.168,4.61,38.0
demo,3,920,86.7,11.54,28.5,0.096,6.26,38.8
demo,3,921,85.0,11.76,29.7,0.066,6.01,38.3
demo,3,922,87.6,11.41,29.0,0.193,5.38,38.1
demo,3,923,88.9,11.25,27.4,0.124,6.11,38.0
demo,3,924,88.3,11.33,21.7,0.067,7.09,38.7
demo,3,925,85.7,11.67,20.6,0.099,5.69,37.6
demo,3,926,85.6,11.68,33.4,0.106,4.21,38.7
demo,3,927,90.2,11.09,35.0,0.07,5.25,38.4
demo,3,928,89.3,11.2,22.7,0.392,6.56,37.8
demo,3,929,85.0,11.76,18.7,0.002,5.47,37.6
demo,3,930,88.3,11.32,21.1,0.011,6.06,38.1
demo,3,931,85.0,11.76,29.5,0.151,5.79,38.3
demo,3,932,85.8,11.66,35.0,0.093,5.72,38.2
demo,3,933,88.1,11.35,27.6,0.229,3.39,37.4
demo,3,934,85.3,11.72,22.2,0.108,7.11,38.2
demo,3,935,85.0,11.76,29.6,0.001,5.73,38.4
demo,3,936,85.0,11.76,26.1,0.036,4.42,37.8
demo,3,937,86.7,11.54,32.3,0.008,5.86,38.7
demo,3,938,87.7,11.41,38.7,0.002,6.21,38.3
demo,3,939,85.4,11.7,25.0,0.037,7.16,39.7
demo,3,940,87.8,11.39,23.2,0.092,5.43,38.5
demo,3,941,87.0,11.5,21.7,0.119,5.07,37.4
demo,3,942,88.5,11.3,23.3,0.148,6.31,38.4
demo,3,943,87.5,11.43,25.4,0.172,5.14,38.8
demo,3,944,88.8,11.26,18.3,0.083,6.07,38.9
demo,3,945,87.2,11.47,19.7,0.056,4.69,38.6
demo,3,946,85.0,11.76,33.1,0.159,5.46,38.6
demo,3,947,86.8,11.52,29.5,0.235,4.5,38.8
demo,3,948,87.2,11.47,27.8,0.055,6.1,37.9
demo,3,949,85.0,11.76,23.5,0.214,7.01,37.6
demo,3,950,88.6,11.29,28.3,0.02,3.86,38.3
demo,3,951,88.9,11.25,23.3,0.154,6.41,38.0
demo,3,952,85.0,11.76,24.5,0.032,5.13,38.5
demo,3,953,85.3,11.72,29.6,0.143,6.04,37.7
demo,3,954,86.7,11.53,28.0,0.095,6.92,38.6
demo,3,955,86.9,11.51,23.8,0.191,5.63,38.7
demo,3,956,85.0,11.76,33.0,0.043,5.26,39.1
demo,3,957,86.4,11.57,20.1,0.061,5.91,39.0
demo,3,958,87.1,11.49,28.1,0.08,5.36,38.4
demo,3,959,87.0,11.49,18.8,0.039,6.97,37.9
demo,3,960,90.0,11.12,23.1,0.146,5.54,39.3
demo,3,961,87.8,11.4,25.1,0.388,5.9,38.4
demo,3,962,85.0,11.76,34.9,0.004,7.22,38.9
demo,3,963,85.0,11.76,43.4,0.652,4.39,38.6
demo,3,964,89.9,11.12,40.6,0.0,5.76,37.8
demo,3,965,88.0,11.36,27.6,0.028,7.97,38.5
demo,3,966,88.7,11.27,19.5,0.006,6.05,37.9
demo,3,967,85.0,11.76,22.1,0.038,5.61,37.9
demo,3,968,85.0,11.76,26.3,0.003,7.63,38.4
demo,3,969,85.0,11.76,30.8,0.132,5.03,38.3
demo,3,970,87.0,11.49,24.9,0.072,6.87,38.3
demo,3,971,87.3,11.45,27.5,0.019,5.94,38.4
demo,3,972,85.0,11.76,29.6,0.083,3.19,37.8
demo,3,973,85.0,11.76,30.5,0.207,6.07,38.3
demo,3,974,85.5,11.7,17.1,0.232,5.54,38.4
demo,3,975,85.0,11.76,26.8,0.138,5.59,38.8
demo,3,976,88.2,11.33,29.5,0.578,7.09,37.5
demo,3,977,88.0,11.36,21.9,0.025,6.64,38.6
demo,3,978,86.1,11.62,23.9,0.029,4.95,39.3
demo,3,979,89.8,11.14,15.0,0.123,5.27,39.0
demo,3,980,85.8,11.65,22.5,0.015,5.65,37.8
demo,3,981,85.9,11.64,18.8,0.0,6.14,39.0
demo,3,982,86.9,11.51,21.5,0.095,4.93,38.4
demo,3,983,87.2,11.47,16.7,0.147,6.82,39.0
demo,3,984,88.9,11.25,28.8,0.25,6.43,37.4
demo,3,985,89.3,11.2,15.0,0.25,6.73,38.4
demo,3,986,86.3,11.59,29.6,0.059,6.77,38.2
demo,3,987,85.7,11.67,21.9,0.035,6.55,37.9
demo,3,988,86.5,11.56,26.2,0.261,6.65,37.7
demo,3,989,85.0,11.76,23.8,0.157,5.86,39.3
demo,3,990,87.4,11.45,26.3,0.078,5.81,39.1
demo,3,991,85.1,11.76,18.9,0.01,3.32,37.7
demo,3,992,85.5,11.69,35.6,0.015,5.8,38.9
demo,3,993,85.0,11.76,32.4,0.016,5.94,38.9
demo,3,994,85.4,11.71,28.1,0.134,7.13,39.4
demo,3,995,85.0,11.76,26.2,0.004,6.35,38.1
demo,3,996,86.9,11.51,29.7,0.171,6.31,38.5
demo,3,997,87.1,11.49,32.0,0.125,4.18,39.3
demo,3,998,87.5,11.43,31.0,0.027,4.8,38.0
demo,3,999,85.9,11.64,19.0,0.011,7.35,38.8
demo,3,1000,88.6,11.28,26.4,0.014,4.61,39.3
demo,3,1001,88.3,11.33,29.3,0.01,6.89,39.1
demo,3,1002,86.5,11.56,34.9,0.202,6.0,39.2
demo,3,1003,88.2,11.34,22.9,0.106,6.82,38.3
demo,3,1004,87.7,11.4,19.5,0.035,5.03,39.0
demo,3,1005,85.1,11.75,28.7,0.155,5.65,38.3
demo,3,1006,88.4,11.31,21.8,0.053,7.44,39.5
demo,3,1007,85.2,11.74,24.1,0.039,4.58,38.6
demo,3,1008,90.3,11.08,24.8,0.069,6.01,39.2
demo,3,1009,86.8,11.53,26.5,0.013,4.12,38.3
demo,3,1010,85.0,11.76,28.6,0.101,5.47,38.1
demo,3,1011,87.3,11.45,29.6,0.049,7.94,39.0
demo,3,1012,85.0,11.76,20.1,0.064,4.9,38.7
demo,3,1013,85.5,11.7,25.9,0.089,4.64,39.0
demo,3,1014,88.0,11.36,15.0,0.186,5.19,38.5
demo,3,1015,87.8,11.39,29.9,0.131,5.18,39.2
demo,3,1016,85.9,11.64,21.9,0.171,5.03,38.4
demo,3,1017,85.7,11.66,21.0,0.074,5.25,38.4
demo,3,1018,89.5,11.17,25.6,0.01,5.63,39.1
demo,3,1019,86.0,11.63,25.1,0.034,5.33,39.0
demo,3,1020,87.7,11.4,21.5,0.057,4.71,38.5
demo,3,1021,86.9,11.51,20.5,0.048,6.63,39.3
demo,3,1022,85.4,11.71,22.5,0.032,4.76,38.9
demo,3,1023,85.8,11.66,26.8,0.009,6.49,38.4
demo,3,1024,86.4,11.57,31.1,0.039,2.84,39.2
demo,3,1025,85.9,11.65,20.8,0.088,5.04,39.0
demo,3,1026,87.6,11.42,23.7,0.084,5.56,40.3
demo,3,1027,88.2,11.34,30.8,0.007,6.0,38.3
demo,3,1028,86.9,11.5,20.7,0.05,5.32,39.7
demo,3,1029,86.1,11.61,37.9,0.143,7.43,39.6
demo,3,1030,88.4,11.31,15.6,0.009,4.08,38.9
demo,3,1031,88.5,11.29,29.6,0.025,5.8,38.6
demo,3,1032,85.4,11.72,34.1,0.062,6.68,38.6
demo,3,1033,87.0,11.49,33.2,0.176,6.54,39.3
demo,3,1034,85.0,11.76,23.4,0.024,6.39,39.4
demo,3,1035,88.7,11.27,21.7,0.02,5.17,38.8
demo,3,1036,88.1,11.35,17.6,0.225,6.55,38.8
demo,3,1037,85.5,11.7,25.2,0.02,5.53,39.5
demo,3,1038,85.6,11.68,27.3,0.05,5.89,39.0
demo,3,1039,88.1,11.35,22.6,0.371,7.21,39.2
demo,3,1040,89.1,11.22,15.0,0.056,6.34,37.3
demo,3,1041,88.6,11.29,19.9,0.28,6.89,38.6
demo,3,1042,87.8,11.38,28.4,0.276,6.14,39.2
demo,3,1043,85.0,11.76,21.2,0.135,6.47,39.2
demo,3,1044,88.2,11.33,19.2,0.036,7.57,38.2
demo,3,1045,89.5,11.18,23.2,0.008,6.94,39.1
demo,3,1046,89.3,11.2,23.5,0.017,5.12,38.3
demo,3,1047,85.1,11.75,31.6,0.094,6.12,38.6
demo,3,1048,87.5,11.43,24.8,0.034,6.82,39.1
demo,3,1049,85.8,11.66,35.1,0.016,6.44,38.2
demo,3,1050,86.1,11.62,15.0,0.047,8.14,38.1
demo,3,1051,85.0,11.76,24.3,0.025,5.79,39.4
demo,3,1052,86.4,11.58,21.2,0.021,5.88,38.7
demo,3,1053,88.0,11.36,33.8,0.057,6.52,39.6
demo,3,1054,86.3,11.59,15.0,0.342,6.18,39.0
demo,3,1055,85.0,11.76,23.6,0.343,5.14,39.0
demo,3,1056,85.4,11.71,27.6,0.002,5.03,38.4
demo,3,1057,85.7,11.66,22.4,0.027,6.15,38.4
demo,3,1058,86.1,11.62,30.4,0.006,6.21,39.3
demo,3,1059,85.0,11.76,30.1,0.029,6.1,39.0
demo,3,1060,86.7,11.53,23.9,0.087,4.87,39.0
demo,3,1061,87.2,11.47,23.0,0.085,8.16,39.0
demo,3,1062,85.1,11.75,23.7,0.033,7.75,40.2
demo,3,1063,85.3,11.72,25.5,0.011,5.79,39.0
demo,3,1064,86.4,11.57,27.4,0.107,6.4,38.4
demo,3,1065,89.4,11.19,27.2,0.014,6.43,38.9
demo,3,1066,88.3,11.33,32.3,0.054,5.06,39.1
demo,3,1067,89.3,11.2,31.2,0.078,5.25,39.1
demo,3,1068,87.7,11.4,25.8,0.151,6.38,38.5
demo,3,1069,85.0,11.76,28.8,0.045,4.05,40.1
demo,3,1070,85.0,11.76,23.6,0.222,7.27,39.2
demo,3,1071,85.5,11.69,27.9,0.017,5.12,39.2
demo,3,1072,86.9,11.51,32.3,0.009,7.12,38.3
demo,3,1073,85.8,11.65,21.2,0.13,6.4,39.4
demo,3,1074,85.0,11.76,17.3,0.053,5.91,39.5
demo,3,1075,85.0,11.76,31.6,0.073,6.66,38.6
demo,3,1076,85.0,11.76,30.1,0.104,5.03,40.0
demo,3,1077,87.2,11.47,39.2,0.054,5.82,38.8
demo,3,1078,87.1,11.48,27.9,0.223,5.3,39.1
demo,3,1079,85.6,11.68,25.0,0.142,5.83,38.9
demo,3,1080,85.0,11.76,33.5,0.007,6.02,39.3
demo,3,1081,86.2,11.6,36.2,0.17,7.18,38.7
demo,3,1082,85.0,11.76,44.0,0.163,5.38,39.3
demo,3,1083,85.5,11.7,34.5,0.06,6.84,39.4
demo,3,1084,85.0,11.76,44.6,0.037,5.16,40.1
demo,3,1085,88.9,11.24,24.1,0.033,3.97,38.8
demo,3,1086,87.4,11.44,31.6,0.142,5.93,39.6
demo,3,1087,85.0,11.76,31.7,0.065,6.85,39.6
demo,3,1088,85.0,11.76,29.6,0.005,3.66,39.0
demo,3,1089,85.0,11.76,38.2,0.027,6.85,39.4
demo,3,1090,88.1,11.35,24.6,0.262,5.3,38.4
demo,3,1091,85.0,11.76,21.1,0.556,6.36,39.7
demo,3,1092,86.7,11.54,24.4,0.224,4.28,39.9
demo,3,1093,85.6,11.69,20.3,0.018,6.6,38.7
demo,3,1094,85.0,11.76,25.3,0.052,7.03,39.2
demo,3,1095,87.1,11.48,25.8,0.049,4.82,39.8
demo,3,1096,86.9,11.51,17.0,0.388,5.92,39.2
demo,3,1097,86.5,11.56,33.5,0.073,5.61,40.1
demo,3,1098,85.0,11.76,26.1,0.068,3.93,38.8
demo,3,1099,88.3,11.32,25.0,0.092,5.4,38.8
demo,3,1100,85.0,11.76,26.8,0.032,5.99,40.1
demo,3,1101,87.5,11.43,23.3,0.104,5.16,39.5
demo,3,1102,87.5,11.43,24.6,0.023,3.9,39.6
demo,3,1103,86.7,11.53,21.6,0.007,7.34,38.8
demo,3,1104,89.9,11.12,21.3,0.077,4.83,39.7
demo,3,1105,86.0,11.63,25.6,0.078,5.29,39.1
demo,3,1106,85.6,11.69,19.4,0.002,5.98,40.0
demo,3,1107,87.3,11.46,24.6,0.034,8.33,38.8
demo,3,1108,88.3,11.33,25.3,0.026,5.49,38.2
demo,3,1109,87.2,11.47,25.4,0.194,4.45,39.4
demo,3,1110,88.7,11.27,24.8,0.119,6.33,38.6
demo,3,1111,85.0,11.76,30.4,0.004,4.34,39.9
demo,3,1112,85.0,11.76,20.5,0.005,5.99,39.0
demo,3,1113,88.5,11.29,26.0,0.364,5.94,40.4
demo,3,1114,87.2,11.47,29.3,0.222,5.68,39.6
demo,3,1115,85.5,11.69,26.8,0.332,6.19,39.4
demo,3,1116,91.4,10.94,21.7,0.119,5.02,39.6
demo,3,1117,85.0,11.76,22.2,0.219,6.75,38.5
demo,3,1118,85.0,11.76,24.2,0.045,5.83,38.9
demo,3,1119,85.0,11.76,28.5,0.16,7.26,39.3
demo,3,1120,85.0,11.76,25.4,0.036,5.64,40.0
demo,3,1121,86.4,11.58,21.2,0.015,5.85,39.4
demo,3,1122,85.1,11.75,24.2,0.027,5.27,39.9
demo,3,1123,86.6,11.55,29.7,0.042,5.45,39.0
demo,3,1124,85.0,11.76,31.6,0.112,5.03,39.2
demo,3,1125,85.0,11.76,34.3,0.027,6.56,39.9
demo,3,1126,85.0,11.76,34.9,0.017,6.18,38.5
demo,3,1127,85.0,11.76,20.7,0.173,5.44,38.6
demo,3,1128,86.9,11.51,31.5,0.037,5.15,38.7
demo,3,1129,87.6,11.42,27.9,0.016,5.02,39.2
demo,3,1130,86.4,11.57,15.0,0.071,6.65,39.5
demo,3,1131,86.6,11.55,30.3,0.164,7.45,39.2
demo,3,1132,86.3,11.58,27.1,0.003,6.67,40.1
demo,3,1133,87.2,11.47,24.7,0.007,5.46,39.5
demo,3,1134,87.1,11.48,16.7,0.037,6.61,40.0
demo,3,1135,85.4,11.71,22.4,0.035,7.01,39.3
demo,3,1136,85.0,11.76,29.8,0.09,4.94,40.0
demo,3,1137,88.3,11.33,27.5,0.036,5.85,39.1
demo,3,1138,85.3,11.73,22.9,0.046,6.53,40.4
demo,3,1139,85.0,11.76,15.5,0.129,7.07,40.4
demo,3,1140,88.6,11.28,29.9,0.049,6.88,39.7
demo,3,1141,85.0,11.76,30.8,0.056,4.85,40.1
demo,3,1142,85.0,11.76,18.6,0.093,7.92,39.5
demo,3,1143,85.0,11.76,25.4,0.073,7.65,39.9
demo,3,1144,85.1,11.76,21.0,0.03,4.79,38.9
demo,3,1145,86.3,11.59,30.0,0.002,6.98,39.5
demo,3,1146,85.0,11.76,26.4,0.029,5.85,39.6
demo,3,1147,85.7,11.68,28.4,0.053,5.11,39.2
demo,3,1148,85.1,11.76,24.5,0.004,7.66,40.0
demo,3,1149,87.6,11.42,24.4,0.037,7.26,41.6
demo,3,1150,85.0,11.76,27.1,0.107,5.31,39.5
demo,3,1151,85.0,11.76,26.8,0.067,5.02,40.0
demo,3,1152,85.7,11.67,26.4,0.034,6.99,39.4
demo,3,1153,87.4,11.44,25.1,0.186,5.9,39.4
demo,3,1154,87.2,11.46,31.3,0.022,5.31,38.9
demo,3,1155,87.9,11.38,20.0,0.053,4.17,39.1
demo,3,1156,86.9,11.51,18.6,0.116,6.06,40.7
demo,3,1157,85.0,11.76,15.4,0.008,7.43,39.6
demo,3,1158,85.7,11.66,23.6,0.213,5.58,39.3
demo,3,1159,87.2,11.46,22.6,0.05,6.42,40.2
demo,3,1160,87.3,11.45,15.0,0.308,5.84,39.6
demo,3,1161,85.1,11.75,22.1,0.106,6.71,39.7
demo,3,1162,85.0,11.76,20.2,0.619,6.7,39.1
demo,3,1163,85.0,11.76,15.0,0.032,5.64,39.3
demo,3,1164,85.0,11.76,25.1,0.017,6.78,39.8
demo,3,1165,85.0,11.76,25.2,0.139,7.42,40.2
demo,3,1166,86.1,11.62,22.8,0.015,5.97,40.0
demo,3,1167,85.6,11.68,24.8,0.006,5.46,39.9
demo,3,1168,85.0,11.76,21.3,0.138,5.88,39.9
demo,3,1169,85.5,11.7,20.9,0.126,5.95,39.1
demo,3,1170,85.0,11.76,16.6,0.147,7.74,39.7
demo,3,1171,86.1,11.61,28.0,0.097,6.26,39.5
demo,3,1172,88.2,11.34,21.5,0.165,6.87,39.7
demo,3,1173,85.0,11.76,21.6,0.082,6.28,40.1
demo,3,1174,87.5,11.43,18.0,0.098,6.47,39.3
demo,3,1175,89.3,11.2,25.2,0.453,6.43,39.8
demo,3,1176,86.1,11.62,22.7,0.012,4.5,40.5
demo,3,1177,86.5,11.56,31.9,0.243,4.65,39.7
demo,3,1178,85.0,11.76,19.3,0.125,5.25,39.5
demo,3,1179,85.0,11.76,32.2,0.04,5.28,39.9
demo,3,1180,85.2,11.74,27.5,0.599,5.78,40.1
demo,3,1181,90.1,11.09,15.0,0.063,6.76,40.0
demo,3,1182,87.6,11.42,26.4,0.199,6.43,39.5
demo,3,1183,89.5,11.18,24.0,0.513,6.26,39.8
demo,3,1184,86.4,11.58,30.0,0.084,7.89,40.8
demo,3,1185,85.0,11.76,21.6,0.305,5.71,40.1
demo,3,1186,90.0,11.11,22.1,0.011,6.28,41.0
demo,3,1187,89.0,11.23,26.9,0.029,6.35,40.4
demo,3,1188,85.0,11.76,26.8,0.195,6.51,39.9
demo,3,1189,87.7,11.4,27.4,0.115,5.75,39.3
demo,3,1190,85.0,11.76,22.7,0.05,6.06,39.6
demo,3,1191,89.5,11.17,15.0,0.027,6.76,38.8
demo,3,1192,88.6,11.29,25.9,0.044,7.84,39.9
demo,3,1193,86.3,11.58,32.0,0.009,4.3,40.3
demo,3,1194,89.2,11.21,18.8,0.24,6.16,39.4
demo,3,1195,86.1,11.61,28.0,0.005,5.01,39.9
demo,3,1196,88.5,11.3,22.9,0.061,5.51,39.7
demo,3,1197,85.1,11.74,34.0,0.006,4.66,39.1
demo,3,1198,86.8,11.52,15.3,0.042,5.82,40.2
demo,3,1199,85.0,11.76,15.3,0.13,5.0,41.3
